""	"feature"	"metadata"	"value"	"coef"	"stderr"	"pval"	"qval"	"base.model"	"tweedie.index"	"N"	"N.not.zero"	"percent.zero"
"N-acetylaspartate (NAA)"	"N-acetylaspartate (NAA)"	"Group"	"RYGB"	-1.10996204597847	0.210853151349056	0.000199713830478779	0.0433104049309036	"CPLM"	1.4	15	15	0
"alpha-ketoglutarate"	"alpha-ketoglutarate"	"Group"	"RYGB"	-1.08486842227512	0.177715596096611	5.29955706689405e-05	0.0433104049309036	"CPLM"	1.712	15	15	0
"sphingosine"	"sphingosine"	"Group"	"RYGB"	1.49292174730326	0.293435504344194	0.000267193506294883	0.0433104049309036	"CPLM"	1.99	15	15	0
"sphinganine"	"sphinganine"	"Group"	"RYGB"	1.09202123466604	0.240574607100928	0.000678756074946112	0.0617677878440702	"CPLM"	1.99	15	15	0
"mannitol/sorbitol"	"mannitol/sorbitol"	"Group"	"RYGB"	-0.451313500136207	0.113035290793768	0.00178506574789333	0.0694683169759674	"CPLM"	1.99	15	15	0
"fumarate"	"fumarate"	"Group"	"RYGB"	-0.908832059238405	0.221007458616387	0.00144053302872001	0.0694683169759674	"CPLM"	1.329	15	15	0
"3-hydroxyadipate*"	"3-hydroxyadipate*"	"Group"	"RYGB"	0.982199236366693	0.242537113736423	0.00161123688349554	0.0694683169759674	"CPLM"	1.99	15	15	0
"ophthalmate"	"ophthalmate"	"Group"	"RYGB"	2.2997234918886	0.588843622803817	0.00208921789974656	0.0747020640967639	"CPLM"	1.99	15	15	0
"malate"	"malate"	"Group"	"RYGB"	-0.943063147055378	0.243554689957434	0.00221950105550657	0.0747020640967639	"CPLM"	1.245	15	15	0
"3-hydroxybutyrate (BHBA)"	"3-hydroxybutyrate (BHBA)"	"Group"	"RYGB"	1.0930235066855	0.281143748433886	0.00215728984146596	0.0747020640967639	"CPLM"	1.99	15	15	0
"2-hydroxyglutarate"	"2-hydroxyglutarate"	"Group"	"RYGB"	-0.781355842486237	0.203447663347173	0.00235001521298577	0.0763629430426659	"CPLM"	1.99	15	15	0
"chenodeoxycholate"	"chenodeoxycholate"	"Group"	"RYGB"	2.59584852517284	0.681615715448934	0.0024915729069763	0.07648486823296	"CPLM"	1.99	15	15	0
"1-(1-enyl-palmitoyl)-2-oleoyl-GPE (P-16:0/18:1)*"	"1-(1-enyl-palmitoyl)-2-oleoyl-GPE (P-16:0/18:1)*"	"Group"	"RYGB"	0.597479914141226	0.160303898732025	0.00288880765254254	0.0780032581097111	"CPLM"	1.99	15	15	0
"pyruvate"	"pyruvate"	"Group"	"RYGB"	-0.556704875319754	0.151031367793134	0.00311434325129587	0.0797542684788377	"CPLM"	1.99	15	15	0
"pyroglutamine*"	"pyroglutamine*"	"Group"	"RYGB"	-1.23942712275767	0.347188067229829	0.0038530912042533	0.0907788287722077	"CPLM"	1.423	15	15	0
"phenol sulfate"	"phenol sulfate"	"Group"	"RYGB"	3.31802722871336	0.935413546472638	0.00401784240558799	0.0910195837265894	"CPLM"	1.99	15	15	0
"oleoyl-linolenoyl-glycerol (18:1/18:3) [2]*"	"oleoyl-linolenoyl-glycerol (18:1/18:3) [2]*"	"Group"	"RYGB"	0.963305410611934	0.274736603808591	0.00433142119920919	0.0933556897603501	"CPLM"	1.99	15	15	0
"nicotinamide"	"nicotinamide"	"Group"	"RYGB"	-0.757483014028432	0.218240385375106	0.00462357538661142	0.0955538913233027	"CPLM"	1.99	15	15	0
"2-oxoadipate"	"2-oxoadipate"	"Group"	"RYGB"	-1.00075994159258	0.294012532574618	0.00523283813632224	0.101053824993239	"CPLM"	1.638	15	15	0
"gamma-glutamylalanine"	"gamma-glutamylalanine"	"Group"	"RYGB"	-1.01097595006285	0.301833458928169	0.00578603241439927	0.103271911881248	"CPLM"	1.358	15	15	0
"N-acetylproline"	"N-acetylproline"	"Group"	"RYGB"	-0.483910811137945	0.146989436699853	0.00643367386232078	0.105262052914082	"CPLM"	1.01	15	15	0
"fructose"	"fructose"	"Group"	"RYGB"	-0.683291532896479	0.211423584587142	0.00719443460440696	0.110263395105559	"CPLM"	1.406	15	15	0
"alpha-muricholate"	"alpha-muricholate"	"Group"	"RYGB"	2.22536348824508	0.688058639352445	0.00716242853674922	0.110263395105559	"CPLM"	1.99	15	15	0
"5-dodecenoate (12:1n7)"	"5-dodecenoate (12:1n7)"	"Group"	"RYGB"	1.37352641759969	0.429660331768239	0.00767839054550658	0.113636844527766	"CPLM"	1.99	15	15	0
"linoleoyl-docosahexaenoyl-glycerol (18:2/22:6) [2]*"	"linoleoyl-docosahexaenoyl-glycerol (18:2/22:6) [2]*"	"Group"	"RYGB"	0.883875175677159	0.276589662501968	0.00769484916898979	0.113636844527766	"CPLM"	1.01	15	15	0
"N-formylmethionine"	"N-formylmethionine"	"Group"	"RYGB"	-0.585701535705978	0.188420111887617	0.00904622763817922	0.122488001813507	"CPLM"	1.99	15	15	0
"1-palmitoyl-2-gamma-linolenoyl-GPC (16:0/18:3n6)*"	"1-palmitoyl-2-gamma-linolenoyl-GPC (16:0/18:3n6)*"	"Group"	"RYGB"	-0.815451032565082	0.265027072095298	0.00959373627804061	0.124191443247603	"CPLM"	1.209	15	15	0
"ursocholate"	"ursocholate"	"Group"	"RYGB"	1.38408189940337	0.447909042217426	0.00936066580326902	0.124191443247603	"CPLM"	1.99	15	15	0
"cytosine"	"cytosine"	"Group"	"RYGB"	1.0185067585443	0.330757957795198	0.00955012533823391	0.124191443247603	"CPLM"	1.99	15	15	0
"sphingomyelin (d18:1/25:0, d19:0/24:1, d20:1/23:0, d19:1/24:0)*"	"sphingomyelin (d18:1/25:0, d19:0/24:1, d20:1/23:0, d19:1/24:0)*"	"Group"	"RYGB"	-0.820339570984141	0.272366879531947	0.0108248071966154	0.129810827054791	"CPLM"	1.99	15	15	0
"N-acetyltryptophan"	"N-acetyltryptophan"	"Group"	"RYGB"	-0.66067317850911	0.22197767674833	0.0115648989999892	0.132922314797019	"CPLM"	1.106	15	15	0
"N-acetylglutamate"	"N-acetylglutamate"	"Group"	"RYGB"	-0.639562893759296	0.215678682760901	0.0118027201146699	0.133534060486099	"CPLM"	1.01	15	15	0
"formiminoglutamate"	"formiminoglutamate"	"Group"	"RYGB"	1.467321411342	0.495790611382207	0.0119304308418946	0.133534060486099	"CPLM"	1.99	15	15	0
"(R)-3-hydroxybutyrylcarnitine"	"(R)-3-hydroxybutyrylcarnitine"	"Group"	"RYGB"	0.777330900290398	0.264069114907	0.012288022481812	0.133534060486099	"CPLM"	1.01	15	15	0
"1-linolenoyl-GPC (18:3)*"	"1-linolenoyl-GPC (18:3)*"	"Group"	"RYGB"	-0.689931131485654	0.235397891961295	0.0125825812512368	0.133534060486099	"CPLM"	1.01	15	15	0
"1-linoleoyl-GPG (18:2)*"	"1-linoleoyl-GPG (18:2)*"	"Group"	"RYGB"	-0.566807769601144	0.192272310245859	0.012190731913202	0.133534060486099	"CPLM"	1.99	15	15	0
"sphingomyelin (d18:1/20:1, d18:2/20:0)*"	"sphingomyelin (d18:1/20:1, d18:2/20:0)*"	"Group"	"RYGB"	-0.439271998115745	0.14968528408902	0.0124958611507521	0.133534060486099	"CPLM"	1.875	15	15	0
"alanine"	"alanine"	"Group"	"RYGB"	-0.434952062798063	0.150592900707733	0.013619967134522	0.138771382382238	"CPLM"	1.99	15	15	0
"sphingomyelin (d18:1/17:0, d17:1/18:0, d19:1/16:0)"	"sphingomyelin (d18:1/17:0, d17:1/18:0, d19:1/16:0)"	"Group"	"RYGB"	-0.512301613212618	0.176481852640973	0.0132557814360914	0.138771382382238	"CPLM"	1.99	15	15	0
"3-methyl-2-oxobutyrate"	"3-methyl-2-oxobutyrate"	"Group"	"RYGB"	-0.607991333188829	0.217260745450859	0.0160907088003353	0.150435356879325	"CPLM"	1.505	15	15	0
"arabitol/xylitol"	"arabitol/xylitol"	"Group"	"RYGB"	-0.576296110897615	0.208207418148135	0.0170282276861697	0.152032739126035	"CPLM"	1.01	15	15	0
"linoleoylcarnitine (C18:2)*"	"linoleoylcarnitine (C18:2)*"	"Group"	"RYGB"	0.396791697869316	0.144207188720663	0.0175521668260957	0.152032739126035	"CPLM"	1.99	15	15	0
"linoleoyl-linoleoyl-glycerol (18:2/18:2) [1]*"	"linoleoyl-linoleoyl-glycerol (18:2/18:2) [1]*"	"Group"	"RYGB"	0.573083623585493	0.207909302992501	0.0173944287323714	0.152032739126035	"CPLM"	1.99	15	15	0
"linoleoyl-linolenoyl-glycerol (18:2/18:3) [1]*"	"linoleoyl-linolenoyl-glycerol (18:2/18:3) [1]*"	"Group"	"RYGB"	0.916270484015137	0.328762316448599	0.0164347931273651	0.152032739126035	"CPLM"	1.807	15	15	0
"ribulonate/xylulonate/lyxonate*"	"ribulonate/xylulonate/lyxonate*"	"Group"	"RYGB"	-0.292201397493847	0.107150543410636	0.0183676417874088	0.153469121763117	"CPLM"	1.99	15	15	0
"retinol (Vitamin A)"	"retinol (Vitamin A)"	"Group"	"RYGB"	-0.672148273670268	0.245856473227689	0.0181348888548351	0.153469121763117	"CPLM"	1.016	15	15	0
"S-1-pyrroline-5-carboxylate"	"S-1-pyrroline-5-carboxylate"	"Group"	"RYGB"	-1.16361859415317	0.42732778181028	0.0185043519869455	0.153507934088886	"CPLM"	1.879	15	15	0
"fructosyllysine"	"fructosyllysine"	"Group"	"RYGB"	-0.577105774098941	0.212917602423596	0.0189390778243947	0.156015620119839	"CPLM"	1.01	15	15	0
"myristoylcarnitine (C14)"	"myristoylcarnitine (C14)"	"Group"	"RYGB"	0.452254154195862	0.171604406595668	0.0217558837028307	0.172002892630433	"CPLM"	1.99	15	15	0
"1-linoleoyl-2-arachidonoyl-GPC (18:2/20:4n6)*"	"1-linoleoyl-2-arachidonoyl-GPC (18:2/20:4n6)*"	"Group"	"RYGB"	-0.604132637686058	0.231852394783948	0.022984066808559	0.178126517766333	"CPLM"	1.747	15	15	0
"proline"	"proline"	"Group"	"RYGB"	-0.305017509130677	0.117820510046764	0.0237088726607931	0.179976059357973	"CPLM"	1.01	15	15	0
"N2,N2-dimethylguanosine"	"N2,N2-dimethylguanosine"	"Group"	"RYGB"	-0.707407846147056	0.2735551955451	0.0238338414769473	0.179976059357973	"CPLM"	1.015	15	15	0
"4-acetamidobutanoate"	"4-acetamidobutanoate"	"Group"	"RYGB"	0.814071642300469	0.320206946666172	0.0258274336048208	0.185516565771213	"CPLM"	1.99	15	15	0
"ceramide (d18:2/24:1, d18:1/24:2)*"	"ceramide (d18:2/24:1, d18:1/24:2)*"	"Group"	"RYGB"	0.700330472555409	0.273679258798368	0.0250500458067894	0.185516565771213	"CPLM"	1.515	15	15	0
"N-acetyltaurine"	"N-acetyltaurine"	"Group"	"RYGB"	-0.315631515063589	0.12432001983244	0.0259925540194001	0.185571082635475	"CPLM"	1.99	15	15	0
"trans-urocanate"	"trans-urocanate"	"Group"	"RYGB"	-0.834665787936044	0.331126652500808	0.0268753977311952	0.187332654007976	"CPLM"	1.99	15	15	0
"palmitoylcarnitine (C16)"	"palmitoylcarnitine (C16)"	"Group"	"RYGB"	0.367422207809241	0.145722526343323	0.0268409694867547	0.187332654007976	"CPLM"	1.99	15	15	0
"isovalerylglycine"	"isovalerylglycine"	"Group"	"RYGB"	-0.407495376901872	0.161870345635241	0.0270370735578848	0.187351015595225	"CPLM"	1.99	15	15	0
"tricarballylate"	"tricarballylate"	"Group"	"RYGB"	0.742473066224122	0.301375116788955	0.0298401984959266	0.19211514941385	"CPLM"	1.99	15	15	0
"palmitoleate (16:1n7)"	"palmitoleate (16:1n7)"	"Group"	"RYGB"	0.647913011936933	0.263166432019444	0.0299292731410973	0.19211514941385	"CPLM"	1.99	15	15	0
"trimethylamine N-oxide"	"trimethylamine N-oxide"	"Group"	"RYGB"	1.25013742517214	0.504653263730345	0.0291059443974387	0.19211514941385	"CPLM"	1.99	15	15	0
"sphingomyelin (d18:1/22:1, d18:2/22:0, d16:1/24:1)*"	"sphingomyelin (d18:1/22:1, d18:2/22:0, d16:1/24:1)*"	"Group"	"RYGB"	-0.360767487945657	0.145178999491198	0.028694768121867	0.19211514941385	"CPLM"	1.99	15	15	0
"glycodeoxycholate"	"glycodeoxycholate"	"Group"	"RYGB"	1.61116467743129	0.64729367856124	0.0284801920415963	0.19211514941385	"CPLM"	1.99	15	15	0
"1-methyl-4-imidazoleacetate"	"1-methyl-4-imidazoleacetate"	"Group"	"RYGB"	1.32224761157441	0.541532371687594	0.0310623936472215	0.193605818605434	"CPLM"	1.99	15	15	0
"hexadecadienoate (16:2n6)"	"hexadecadienoate (16:2n6)"	"Group"	"RYGB"	0.572733569437411	0.234491277255475	0.0310184865343095	0.193605818605434	"CPLM"	1.99	15	15	0
"palmitoleoylcarnitine (C16:1)*"	"palmitoleoylcarnitine (C16:1)*"	"Group"	"RYGB"	0.443827297916419	0.181435694993328	0.0308068016756027	0.193605818605434	"CPLM"	1.99	15	15	0
"succinate"	"succinate"	"Group"	"RYGB"	-0.557712401850694	0.229228241947182	0.0315590259252563	0.194641531622785	"CPLM"	1.99	15	15	0
"corticosterone"	"corticosterone"	"Group"	"RYGB"	-0.555119436626823	0.23061005459261	0.0330826715137368	0.199853266888113	"CPLM"	1.01	15	15	0
"N-acetylcarnosine"	"N-acetylcarnosine"	"Group"	"RYGB"	-0.527407683349269	0.220461167770778	0.0339929309003805	0.203267373607351	"CPLM"	1.99	15	15	0
"N-acetylmethionine"	"N-acetylmethionine"	"Group"	"RYGB"	-0.601188850154509	0.252770281658636	0.034864235721624	0.204798051309725	"CPLM"	1.99	15	15	0
"lignoceroyl sphingomyelin (d18:1/24:0)"	"lignoceroyl sphingomyelin (d18:1/24:0)"	"Group"	"RYGB"	-0.428442457576004	0.180234428587321	0.0349443194509803	0.204798051309725	"CPLM"	1.01	15	15	0
"3-methyl-2-oxovalerate"	"3-methyl-2-oxovalerate"	"Group"	"RYGB"	-0.587658065336922	0.249337463436885	0.0362565333921082	0.209972388000998	"CPLM"	1.797	15	15	0
"2,3-dihydroxyisovalerate"	"2,3-dihydroxyisovalerate"	"Group"	"RYGB"	1.19403866139542	0.507136312750254	0.0364154305522641	0.209972388000998	"CPLM"	1.99	15	15	0
"N-palmitoyl-sphinganine (d18:0/16:0)"	"N-palmitoyl-sphinganine (d18:0/16:0)"	"Group"	"RYGB"	0.508592338668598	0.217364227205462	0.0373981114734576	0.213859103474432	"CPLM"	1.244	15	15	0
"hypotaurine"	"hypotaurine"	"Group"	"RYGB"	-0.579694338244017	0.248633922977298	0.0379657355661611	0.213988691372908	"CPLM"	1.01	15	15	0
"4-methyl-2-oxopentanoate"	"4-methyl-2-oxopentanoate"	"Group"	"RYGB"	-0.615680342385575	0.265920563546978	0.0391003800587378	0.216271273946406	"CPLM"	1.922	15	15	0
"gamma-glutamylcitrulline*"	"gamma-glutamylcitrulline*"	"Group"	"RYGB"	-0.568741215695223	0.245232846512659	0.038824282610622	0.216271273946406	"CPLM"	1.01	15	15	0
"gamma-glutamylglutamine"	"gamma-glutamylglutamine"	"Group"	"RYGB"	-0.392882312699894	0.170005037537865	0.0394044633886574	0.216592715962156	"CPLM"	1.99	15	15	0
"5-hydroxyindoleacetate"	"5-hydroxyindoleacetate"	"Group"	"RYGB"	-0.48316389644137	0.211308195818038	0.0411887112499718	0.219346454296229	"CPLM"	1.99	15	15	0
"guanidinoacetate"	"guanidinoacetate"	"Group"	"RYGB"	-0.716630292729566	0.312923622686279	0.0409232065675779	0.219346454296229	"CPLM"	1.189	15	15	0
"12-HETE"	"12-HETE"	"Group"	"RYGB"	1.07261778851353	0.467398510847695	0.040572672493618	0.219346454296229	"CPLM"	1.99	15	15	0
"beta-muricholate"	"beta-muricholate"	"Group"	"RYGB"	0.961572582606037	0.420675103514375	0.0412447596319021	0.219346454296229	"CPLM"	1.585	15	15	0
"arachidate (20:0)"	"arachidate (20:0)"	"Group"	"RYGB"	-0.271810258032697	0.119219709027201	0.0416850194053933	0.220201582329836	"CPLM"	1.99	15	15	0
"palmitoyl-docosahexaenoyl-glycerol (16:0/22:6) [1]*"	"palmitoyl-docosahexaenoyl-glycerol (16:0/22:6) [1]*"	"Group"	"RYGB"	0.511695882789062	0.225322233972097	0.0423651355231297	0.22279522163503	"CPLM"	1.99	15	15	0
"ximenoylcarnitine (C26:1)*"	"ximenoylcarnitine (C26:1)*"	"Group"	"RYGB"	-0.615389470614963	0.272105236510363	0.0430874046891887	0.224588330636568	"CPLM"	1.99	15	15	0
"sphingomyelin (d18:1/18:1, d18:2/18:0)"	"sphingomyelin (d18:1/18:1, d18:2/18:0)"	"Group"	"RYGB"	-0.438292596249425	0.194340252246495	0.0435799775041067	0.225546095220422	"CPLM"	1.99	15	15	0
"N1-methylinosine"	"N1-methylinosine"	"Group"	"RYGB"	-0.445040962294202	0.197633349143485	0.0438505847756825	0.225546095220422	"CPLM"	1.079	15	15	0
"threonate"	"threonate"	"Group"	"RYGB"	-0.334664471768	0.148547760884655	0.0437671256297315	0.225546095220422	"CPLM"	1.82	15	15	0
"linoleoyl-docosahexaenoyl-glycerol (18:2/22:6) [1]*"	"linoleoyl-docosahexaenoyl-glycerol (18:2/22:6) [1]*"	"Group"	"RYGB"	0.447379921838575	0.199149783832194	0.044279626494546	0.225806926452707	"CPLM"	1.215	15	15	0
"cysteine s-sulfate"	"cysteine s-sulfate"	"Group"	"RYGB"	-0.963685347287948	0.430333191069958	0.0448460330353473	0.227026897498439	"CPLM"	1.519	15	15	0
"sphingomyelin (d18:2/16:0, d18:1/16:1)*"	"sphingomyelin (d18:2/16:0, d18:1/16:1)*"	"Group"	"RYGB"	-0.406725585430525	0.184162801465115	0.047407012298284	0.23436189569921	"CPLM"	1.765	15	15	0
"N-delta-acetylornithine"	"N-delta-acetylornithine"	"Group"	"RYGB"	1.72633203333798	0.788458418687676	0.0490515557725042	0.239650734842136	"CPLM"	1.99	15	15	0
"3-indoxyl sulfate"	"3-indoxyl sulfate"	"Group"	"RYGB"	0.332573750271532	0.152732923724004	0.0501189509935468	0.24098009906285	"CPLM"	1.99	15	15	0
"alpha-tocopherol"	"alpha-tocopherol"	"Group"	"RYGB"	-0.806814377599162	0.370222387488173	0.0499591267273092	0.24098009906285	"CPLM"	1.391	15	15	0
"gamma-glutamylmethionine"	"gamma-glutamylmethionine"	"Group"	"RYGB"	-0.582537517473968	0.271024443633277	0.0527005338094526	0.246354082648949	"CPLM"	1.032	15	15	0
"choline"	"choline"	"Group"	"RYGB"	-0.463858212064148	0.216572895773581	0.0534182297001072	0.247045509335961	"CPLM"	1.011	15	15	0
"1-palmitoyl-2-linoleoyl-GPE (16:0/18:2)"	"1-palmitoyl-2-linoleoyl-GPE (16:0/18:2)"	"Group"	"RYGB"	0.368374699783656	0.172218688006203	0.053687309329377	0.247045509335961	"CPLM"	1.01	15	15	0
"phenylacetylglycine"	"phenylacetylglycine"	"Group"	"RYGB"	0.434755319417316	0.207860162128318	0.0584117806873238	0.257989706326138	"CPLM"	1.99	15	15	0
"glucose"	"glucose"	"Group"	"RYGB"	-0.263671729214718	0.126726975343415	0.0595565766733136	0.257989706326138	"CPLM"	1.01	15	15	0
"1-stearoyl-2-arachidonoyl-GPC (18:0/20:4)"	"1-stearoyl-2-arachidonoyl-GPC (18:0/20:4)"	"Group"	"RYGB"	-0.322176805145937	0.154530586660354	0.0591101326010923	0.257989706326138	"CPLM"	1.99	15	15	0
"stearoyl sphingomyelin (d18:1/18:0)"	"stearoyl sphingomyelin (d18:1/18:0)"	"Group"	"RYGB"	-0.383684164835393	0.184418927542325	0.059569779389397	0.257989706326138	"CPLM"	1.99	15	15	0
"sphingomyelin (d17:1/16:0, d18:1/15:0, d16:1/17:0)*"	"sphingomyelin (d17:1/16:0, d18:1/15:0, d16:1/17:0)*"	"Group"	"RYGB"	-0.47782144282965	0.227632818921745	0.0576381437193227	0.257989706326138	"CPLM"	1.01	15	15	0
"N-acetyl-beta-alanine"	"N-acetyl-beta-alanine"	"Group"	"RYGB"	0.747179452418833	0.358700497142299	0.0593049496828235	0.257989706326138	"CPLM"	1.896	15	15	0
"N-linoleoyltaurine*"	"N-linoleoyltaurine*"	"Group"	"RYGB"	-0.468196784369783	0.227276967153016	0.061767867271099	0.262680677420053	"CPLM"	1.99	15	15	0
"cholate"	"cholate"	"Group"	"RYGB"	1.86948848963092	0.914766218437566	0.0635769611387166	0.2674773579336	"CPLM"	1.976	15	15	0
"cysteine"	"cysteine"	"Group"	"RYGB"	-0.463493802766788	0.229476065917536	0.0663091503748293	0.276051666436587	"CPLM"	1.99	15	15	0
"sphingomyelin (d18:1/19:0, d19:1/18:0)*"	"sphingomyelin (d18:1/19:0, d19:1/18:0)*"	"Group"	"RYGB"	-0.426745232634573	0.21235340456286	0.067507783909065	0.279032173490802	"CPLM"	1.291	15	15	0
"lignoceroylcarnitine (C24)*"	"lignoceroylcarnitine (C24)*"	"Group"	"RYGB"	-0.400964036140527	0.199990436124634	0.0680652431965027	0.279693845729331	"CPLM"	1.99	15	15	0
"2'-deoxyuridine"	"2'-deoxyuridine"	"Group"	"RYGB"	0.768495795297681	0.383429672268572	0.0681427281191154	0.279693845729331	"CPLM"	1.99	15	15	0
"docosadienoate (22:2n6)"	"docosadienoate (22:2n6)"	"Group"	"RYGB"	0.46988425618228	0.235313102326027	0.0690357652240637	0.280115343813413	"CPLM"	1.99	15	15	0
"3-hydroxyhexanoate"	"3-hydroxyhexanoate"	"Group"	"RYGB"	-0.297706532637498	0.148917405665055	0.0687588418963462	0.280115343813413	"CPLM"	1.99	15	15	0
"lactate"	"lactate"	"Group"	"RYGB"	-0.354833288692068	0.178023321357368	0.0694805145726166	0.280301527967611	"CPLM"	1.99	15	15	0
"N1-Methyl-2-pyridone-5-carboxamide"	"N1-Methyl-2-pyridone-5-carboxamide"	"Group"	"RYGB"	-0.55191325839995	0.277737304143984	0.0702156763740459	0.282300569176198	"CPLM"	1.99	15	15	0
"3-hydroxypalmitoylcarnitine"	"3-hydroxypalmitoylcarnitine"	"Group"	"RYGB"	0.329225333944558	0.167636867972394	0.0731303583706895	0.289508573506246	"CPLM"	1.99	15	15	0
"3-methylcrotonylglycine"	"3-methylcrotonylglycine"	"Group"	"RYGB"	-0.394104722323482	0.20105422832915	0.0736078657100184	0.2900002200883	"CPLM"	1.99	15	15	0
"3-hydroxyoleoylcarnitine"	"3-hydroxyoleoylcarnitine"	"Group"	"RYGB"	0.389893875411471	0.199830123948356	0.0747807809744826	0.290108177082501	"CPLM"	1.99	15	15	0
"citrulline"	"citrulline"	"Group"	"RYGB"	-0.29078703498528	0.149505284002862	0.0755839155906752	0.291128925673064	"CPLM"	1.99	15	15	0
"glyco-beta-muricholate"	"glyco-beta-muricholate"	"Group"	"RYGB"	-1.50530147072413	0.774058031894122	0.0756243219490303	0.291128925673064	"CPLM"	1.99	15	15	0
"1-stearoyl-2-arachidonoyl-GPI (18:0/20:4)"	"1-stearoyl-2-arachidonoyl-GPI (18:0/20:4)"	"Group"	"RYGB"	-0.321222053863795	0.165542102563998	0.0761876500565006	0.292342188164683	"CPLM"	1.99	15	15	0
"asparagine"	"asparagine"	"Group"	"RYGB"	-0.244876671929002	0.126464857846072	0.076733505052833	0.292571322050973	"CPLM"	1.01	15	15	0
"1-palmitoyl-2-docosahexaenoyl-GPE (16:0/22:6)*"	"1-palmitoyl-2-docosahexaenoyl-GPE (16:0/22:6)*"	"Group"	"RYGB"	0.468357595787852	0.243318498430579	0.0782753922806858	0.296490071082469	"CPLM"	1.99	15	15	0
"palmitoyl sphingomyelin (d18:1/16:0)"	"palmitoyl sphingomyelin (d18:1/16:0)"	"Group"	"RYGB"	-0.286385863066617	0.149717753954726	0.0799272230414182	0.298902440453304	"CPLM"	1.99	15	15	0
"histidine"	"histidine"	"Group"	"RYGB"	-0.189616786976624	0.0998282514112003	0.081804902869468	0.303994244732597	"CPLM"	1.01	15	15	0
"biliverdin"	"biliverdin"	"Group"	"RYGB"	0.827341286067311	0.442887772059338	0.0863563253914577	0.314946598486493	"CPLM"	1.99	15	15	0
"glutamate"	"glutamate"	"Group"	"RYGB"	-0.240608727530927	0.129291863995567	0.0874160836079709	0.316619457421994	"CPLM"	1.99	15	15	0
"1-oleoylglycerol (18:1)"	"1-oleoylglycerol (18:1)"	"Group"	"RYGB"	-0.587408478554517	0.315877278768683	0.0876213439045587	0.316619457421994	"CPLM"	1.221	15	15	0
"ursodeoxycholate"	"ursodeoxycholate"	"Group"	"RYGB"	0.717264046715806	0.389923569239591	0.0906996945757878	0.32377042487963	"CPLM"	1.857	15	15	0
"palmitoyl-arachidonoyl-glycerol (16:0/20:4) [2]*"	"palmitoyl-arachidonoyl-glycerol (16:0/20:4) [2]*"	"Group"	"RYGB"	0.423973264788494	0.232983445416098	0.0938166783235353	0.326006038540191	"CPLM"	1.99	15	15	0
"bilirubin"	"bilirubin"	"Group"	"RYGB"	-1.04802230208184	0.57541521406242	0.0935644579000465	0.326006038540191	"CPLM"	1.838	15	15	0
"sphingomyelin (d18:1/14:0, d16:1/16:0)*"	"sphingomyelin (d18:1/14:0, d16:1/16:0)*"	"Group"	"RYGB"	-0.483732738777291	0.26661656153641	0.0946889442460952	0.327107261941056	"CPLM"	1.621	15	15	0
"kynurenate"	"kynurenate"	"Group"	"RYGB"	-0.385180928437253	0.215495155439528	0.0991314298430376	0.335565587227294	"CPLM"	1.01	15	15	0
"oleoylcarnitine (C18)"	"oleoylcarnitine (C18)"	"Group"	"RYGB"	0.310073426764439	0.17449123599832	0.100899043648778	0.33762968200813	"CPLM"	1.99	15	15	0
"1-linoleoyl-GPA (18:2)*"	"1-linoleoyl-GPA (18:2)*"	"Group"	"RYGB"	-0.574932708097509	0.323831219694231	0.101174259549126	0.33762968200813	"CPLM"	1.99	15	15	0
"tetradecanedioate (C14)"	"tetradecanedioate (C14)"	"Group"	"RYGB"	-0.277953039088575	0.157411984323823	0.102840752748546	0.341257483768413	"CPLM"	1.99	15	15	0
"behenoylcarnitine (C22)*"	"behenoylcarnitine (C22)*"	"Group"	"RYGB"	-0.362096648520984	0.205743246784659	0.103859339870251	0.341918264064802	"CPLM"	1.99	15	15	0
"N6-methyllysine"	"N6-methyllysine"	"Group"	"RYGB"	0.243432407616741	0.138867012495826	0.10508760164632	0.342282806030194	"CPLM"	1.01	15	15	0
"2-hydroxy-3-methylvalerate"	"2-hydroxy-3-methylvalerate"	"Group"	"RYGB"	0.863423390408338	0.491858233220105	0.104654864086624	0.342282806030194	"CPLM"	1.99	15	15	0
"behenoyl sphingomyelin (d18:1/22:0)*"	"behenoyl sphingomyelin (d18:1/22:0)*"	"Group"	"RYGB"	-0.288249976076035	0.166434579987606	0.108889814215468	0.349515534457278	"CPLM"	1.99	15	15	0
"1-stearoyl-2-docosahexaenoyl-GPE (18:0/22:6)*"	"1-stearoyl-2-docosahexaenoyl-GPE (18:0/22:6)*"	"Group"	"RYGB"	0.393876337863561	0.228236392013812	0.110026366703449	0.352203967327889	"CPLM"	1.99	15	15	0
"N-acetylneuraminate"	"N-acetylneuraminate"	"Group"	"RYGB"	1.19551984907716	0.694293083201029	0.110733975428127	0.353410928359691	"CPLM"	1.99	15	15	0
"indolelactate"	"indolelactate"	"Group"	"RYGB"	0.499419420153953	0.291019154376174	0.111821176723752	0.355054841457088	"CPLM"	1.99	15	15	0
"alpha-CEHC sulfate"	"alpha-CEHC sulfate"	"Group"	"RYGB"	-0.546819816698014	0.319782228661836	0.112976639070537	0.357232099896827	"CPLM"	1.99	15	15	0
"indolepropionate"	"indolepropionate"	"Group"	"RYGB"	1.59353272307531	0.934983906965479	0.114047917186524	0.35860293866812	"CPLM"	1.99	15	15	0
"palmitoyl-palmitoyl-glycerol (16:0/16:0) [2]*"	"palmitoyl-palmitoyl-glycerol (16:0/16:0) [2]*"	"Group"	"RYGB"	0.546983216689988	0.321041895033892	0.114156283531872	0.35860293866812	"CPLM"	1.908	15	15	0
"palmitoleoyl-linoleoyl-glycerol (16:1/18:2) [1]*"	"palmitoleoyl-linoleoyl-glycerol (16:1/18:2) [1]*"	"Group"	"RYGB"	0.508788780551564	0.299991943268401	0.115649396271973	0.359459073373045	"CPLM"	1.326	15	15	0
"nicotinamide riboside"	"nicotinamide riboside"	"Group"	"RYGB"	0.570713511580021	0.336379629401258	0.115528219248314	0.359459073373045	"CPLM"	1.99	15	15	0
"caprylate (8:0)"	"caprylate (8:0)"	"Group"	"RYGB"	-0.63319861375318	0.374255153160015	0.116448027345491	0.360988884771022	"CPLM"	1.461	15	15	0
"1-linoleoyl-GPC (18:2)"	"1-linoleoyl-GPC (18:2)"	"Group"	"RYGB"	-0.370099556572553	0.219693798013108	0.117870820070092	0.362778165627868	"CPLM"	1.01	15	15	0
"linoleoyl-arachidonoyl-glycerol (18:2/20:4) [1]*"	"linoleoyl-arachidonoyl-glycerol (18:2/20:4) [1]*"	"Group"	"RYGB"	0.378743985219051	0.225296122151592	0.118565020175492	0.362778165627868	"CPLM"	1.99	15	15	0
"sphingomyelin (d18:1/20:0, d16:1/22:0)*"	"sphingomyelin (d18:1/20:0, d16:1/22:0)*"	"Group"	"RYGB"	-0.326576158403852	0.194080219423628	0.118250651844297	0.362778165627868	"CPLM"	1.99	15	15	0
"tauroursodeoxycholate"	"tauroursodeoxycholate"	"Group"	"RYGB"	-1.10664622443491	0.657842491821038	0.118339539013777	0.362778165627868	"CPLM"	1.989	15	15	0
"1-palmitoyl-2-dihomo-linolenoyl-GPC (16:0/20:3n3 or 6)*"	"1-palmitoyl-2-dihomo-linolenoyl-GPC (16:0/20:3n3 or 6)*"	"Group"	"RYGB"	-0.326652922126912	0.196216491244957	0.12183311549139	0.366537499730438	"CPLM"	1.711	15	15	0
"1,2-dilinoleoyl-GPC (18:2/18:2)"	"1,2-dilinoleoyl-GPC (18:2/18:2)"	"Group"	"RYGB"	-0.307352297349154	0.184869135208663	0.122282884035706	0.366537499730438	"CPLM"	1.99	15	15	0
"1-palmitoyl-2-linoleoyl-GPI (16:0/18:2)"	"1-palmitoyl-2-linoleoyl-GPI (16:0/18:2)"	"Group"	"RYGB"	0.279734336010844	0.168073257280109	0.121913749426468	0.366537499730438	"CPLM"	1.99	15	15	0
"stearoyl-linoleoyl-glycerol (18:0/18:2) [1]*"	"stearoyl-linoleoyl-glycerol (18:0/18:2) [1]*"	"Group"	"RYGB"	-0.837343201153351	0.503233720476939	0.122001800218424	0.366537499730438	"CPLM"	1.99	15	15	0
"N,N,N-trimethyl-5-aminovalerate"	"N,N,N-trimethyl-5-aminovalerate"	"Group"	"RYGB"	0.854381850725857	0.519513568761659	0.125979010871369	0.37307835162416	"CPLM"	1.99	15	15	0
"1-palmitoyl-2-arachidonoyl-GPC (16:0/20:4n6)"	"1-palmitoyl-2-arachidonoyl-GPC (16:0/20:4n6)"	"Group"	"RYGB"	-0.219817671216775	0.133412665570147	0.125339947843177	0.37307835162416	"CPLM"	1.99	15	15	0
"N-acetyl-aspartyl-glutamate (NAAG)"	"N-acetyl-aspartyl-glutamate (NAAG)"	"Group"	"RYGB"	0.786205105938003	0.479547135479862	0.127047691767852	0.373222396265659	"CPLM"	1.99	15	15	0
"phosphoethanolamine (PE)"	"phosphoethanolamine (PE)"	"Group"	"RYGB"	-0.236121231755858	0.144355513420889	0.12784424177059	0.374628151258098	"CPLM"	1.99	15	15	0
"dihomo-linoleoylcarnitine (C20:2)*"	"dihomo-linoleoylcarnitine (C20:2)*"	"Group"	"RYGB"	0.355941136494849	0.218143153922344	0.128692937850782	0.376179356794593	"CPLM"	1.99	15	15	0
"6-hydroxyindole sulfate"	"6-hydroxyindole sulfate"	"Group"	"RYGB"	0.357674434934432	0.219826497641078	0.129675573834733	0.37717981722794	"CPLM"	1.99	15	15	0
"1-arachidonoyl-GPC* (20:4)*"	"1-arachidonoyl-GPC* (20:4)*"	"Group"	"RYGB"	-0.413612604851917	0.255788613659709	0.131844186817489	0.381050136727681	"CPLM"	1.554	15	15	0
"glycocholate"	"glycocholate"	"Group"	"RYGB"	-1.22325246636532	0.756776115350445	0.131976617814002	0.381050136727681	"CPLM"	1.99	15	15	0
"stearoyl-arachidonoyl-glycerol (18:0/20:4) [2]*"	"stearoyl-arachidonoyl-glycerol (18:0/20:4) [2]*"	"Group"	"RYGB"	0.402113727289772	0.249507910499973	0.133016624467798	0.383113896388914	"CPLM"	1.662	15	15	0
"N-acetyl-isoputreanine*"	"N-acetyl-isoputreanine*"	"Group"	"RYGB"	0.580899300818275	0.362107082401767	0.134645101619348	0.383433504919384	"CPLM"	1.99	15	15	0
"glycerophosphoethanolamine"	"glycerophosphoethanolamine"	"Group"	"RYGB"	0.441618504297965	0.275623607475737	0.135080564126948	0.383433504919384	"CPLM"	1.99	15	15	0
"glutathione, oxidized (GSSG)"	"glutathione, oxidized (GSSG)"	"Group"	"RYGB"	0.99259917931378	0.620823828766634	0.135838210780822	0.383734801678198	"CPLM"	1.99	15	15	0
"benzoate"	"benzoate"	"Group"	"RYGB"	-0.581607814388208	0.363476197393805	0.135552433107746	0.383734801678198	"CPLM"	1.99	15	15	0
"1-oleoyl-GPC (18:1)"	"1-oleoyl-GPC (18:1)"	"Group"	"RYGB"	-0.346831612896814	0.219272077314368	0.13969364830637	0.391807423106914	"CPLM"	1.443	15	15	0
"quinolinate"	"quinolinate"	"Group"	"RYGB"	-0.624822719935057	0.394870318888903	0.139554900975715	0.391807423106914	"CPLM"	1.99	15	15	0
"creatinine"	"creatinine"	"Group"	"RYGB"	-0.208660169930654	0.132318976749971	0.140791074576616	0.393013947514818	"CPLM"	1.99	15	15	0
"1-stearoyl-2-linoleoyl-GPC (18:0/18:2)*"	"1-stearoyl-2-linoleoyl-GPC (18:0/18:2)*"	"Group"	"RYGB"	-0.183902166395059	0.117081261709014	0.142227786341096	0.395151727145781	"CPLM"	1.01	15	15	0
"arabonate/xylonate"	"arabonate/xylonate"	"Group"	"RYGB"	-0.271241874796149	0.172863563607815	0.14260205196384	0.395259334619772	"CPLM"	1.99	15	15	0
"18-methylnonadecanoate (i20:0)"	"18-methylnonadecanoate (i20:0)"	"Group"	"RYGB"	-0.636188659219803	0.40730995000734	0.14427899723025	0.396234613363442	"CPLM"	1.25	15	15	0
"1-arachidonylglycerol (20:4)"	"1-arachidonylglycerol (20:4)"	"Group"	"RYGB"	0.427599589789892	0.27521674362493	0.146225044841711	0.398734034313739	"CPLM"	1.99	15	15	0
"beta-hydroxyisovalerate"	"beta-hydroxyisovalerate"	"Group"	"RYGB"	-0.742415989276735	0.478928647152156	0.147063532364543	0.400094321305846	"CPLM"	1.99	15	15	0
"4-hydroxyglutamate"	"4-hydroxyglutamate"	"Group"	"RYGB"	0.515773505104467	0.336301974902042	0.151045344313062	0.403508251883981	"CPLM"	1.99	15	15	0
"linolenate (18:3n3 or 3n6)"	"linolenate (18:3n3 or 3n6)"	"Group"	"RYGB"	0.382782349289795	0.249664805783391	0.151161781186878	0.403508251883981	"CPLM"	1.99	15	15	0
"1-lignoceroyl-GPC (24:0)"	"1-lignoceroyl-GPC (24:0)"	"Group"	"RYGB"	-0.343362660485524	0.224096993466974	0.151401228635585	0.403508251883981	"CPLM"	1.01	15	15	0
"N-palmitoyl-sphingosine (d18:1/16:0)"	"N-palmitoyl-sphingosine (d18:1/16:0)"	"Group"	"RYGB"	0.291545317013013	0.189409035855871	0.149689625475552	0.403508251883981	"CPLM"	1.99	15	15	0
"bilirubin (E,E)*"	"bilirubin (E,E)*"	"Group"	"RYGB"	-0.84465806820037	0.548884672882949	0.149780257090896	0.403508251883981	"CPLM"	1.99	15	15	0
"gluconate"	"gluconate"	"Group"	"RYGB"	-0.281853651164785	0.182975400963665	0.149410208250615	0.403508251883981	"CPLM"	1.99	15	15	0
"creatine phosphate"	"creatine phosphate"	"Group"	"RYGB"	-0.621089961700106	0.406572759749766	0.152525782309151	0.405294479242082	"CPLM"	1.99	15	15	0
"tricosanoyl sphingomyelin (d18:1/23:0)*"	"tricosanoyl sphingomyelin (d18:1/23:0)*"	"Group"	"RYGB"	-0.473040818822837	0.30985052997759	0.152759549052194	0.405294479242082	"CPLM"	1.787	15	15	0
"azelate (nonanedioate; C9)"	"azelate (nonanedioate; C9)"	"Group"	"RYGB"	-0.332161048452851	0.218527168379606	0.154412719686845	0.406931059935355	"CPLM"	1.01	15	15	0
"inosine"	"inosine"	"Group"	"RYGB"	-0.472820000767873	0.312125890817032	0.155701437714532	0.409411369704728	"CPLM"	1.017	15	15	0
"sphingomyelin (d18:2/23:0, d18:1/23:1, d17:1/24:1)*"	"sphingomyelin (d18:2/23:0, d18:1/23:1, d17:1/24:1)*"	"Group"	"RYGB"	-0.265159004295027	0.176183324630849	0.158178744054457	0.413879820158027	"CPLM"	1.01	15	15	0
"3-hydroxyisobutyrate"	"3-hydroxyisobutyrate"	"Group"	"RYGB"	0.362892430390703	0.242473763346476	0.16032244991756	0.414365656632071	"CPLM"	1.011	15	15	0
"dihomolinoleate (20:2n6)"	"dihomolinoleate (20:2n6)"	"Group"	"RYGB"	0.350824596313305	0.234820145395122	0.160994580289956	0.414365656632071	"CPLM"	1.99	15	15	0
"palmitoyl ethanolamide"	"palmitoyl ethanolamide"	"Group"	"RYGB"	-0.272315999434809	0.181410131301153	0.159174649241864	0.414365656632071	"CPLM"	1.99	15	15	0
"1-linoleoylglycerol (18:2)"	"1-linoleoylglycerol (18:2)"	"Group"	"RYGB"	-0.441637941939131	0.295688235311175	0.161103116075967	0.414365656632071	"CPLM"	1.144	15	15	0
"taurochenodeoxycholate"	"taurochenodeoxycholate"	"Group"	"RYGB"	-0.757420072500128	0.505138551748879	0.159603239211436	0.414365656632071	"CPLM"	1.835	15	15	0
"N-acetyl-3-methylhistidine*"	"N-acetyl-3-methylhistidine*"	"Group"	"RYGB"	-0.378871546852742	0.254698005854579	0.162673150838333	0.416299998453584	"CPLM"	1.616	15	15	0
"behenoyl dihydrosphingomyelin (d18:0/22:0)*"	"behenoyl dihydrosphingomyelin (d18:0/22:0)*"	"Group"	"RYGB"	0.590335469110061	0.39786987224772	0.163662169804624	0.416299998453584	"CPLM"	1.99	15	15	0
"gulonate*"	"gulonate*"	"Group"	"RYGB"	-0.376082756294824	0.254597749062567	0.165389133511271	0.416299998453584	"CPLM"	1.99	15	15	0
"N-alpha-acetylornithine"	"N-alpha-acetylornithine"	"Group"	"RYGB"	0.67275400591902	0.457694797632224	0.167321733819105	0.419372345614694	"CPLM"	1.99	15	15	0
"imidazole propionate"	"imidazole propionate"	"Group"	"RYGB"	0.772917309129177	0.529014954928737	0.169686824241578	0.422602703925114	"CPLM"	1.99	15	15	0
"xanthosine"	"xanthosine"	"Group"	"RYGB"	0.673498970103586	0.460352811379516	0.169160152205182	0.422602703925114	"CPLM"	1.99	15	15	0
"oxalate (ethanedioate)"	"oxalate (ethanedioate)"	"Group"	"RYGB"	-0.230596784654332	0.157750351124158	0.169489302020112	0.422602703925114	"CPLM"	1.99	15	15	0
"valine"	"valine"	"Group"	"RYGB"	-0.217019901547314	0.149855279300761	0.173182187236108	0.429491824345549	"CPLM"	1.01	15	15	0
"octanoylcarnitine (C8)"	"octanoylcarnitine (C8)"	"Group"	"RYGB"	-0.162138024026659	0.112678937386284	0.175737370281515	0.433093351865323	"CPLM"	1.99	15	15	0
"1-oleoyl-2-docosahexaenoyl-GPC (18:1/22:6)*"	"1-oleoyl-2-docosahexaenoyl-GPC (18:1/22:6)*"	"Group"	"RYGB"	-0.215665917819736	0.149805868332467	0.175543685945795	0.433093351865323	"CPLM"	1.99	15	15	0
"N-acetyl-1-methylhistidine*"	"N-acetyl-1-methylhistidine*"	"Group"	"RYGB"	0.300134629629193	0.209865326219046	0.17819775988542	0.435512367520799	"CPLM"	1.99	15	15	0
"docosapentaenoate (DPA; 22:5n3)"	"docosapentaenoate (DPA; 22:5n3)"	"Group"	"RYGB"	0.323905656404989	0.22728038061116	0.179605140127134	0.438043178198268	"CPLM"	1.99	15	15	0
"palmitoyl-linoleoyl-glycerol (16:0/18:2) [2]*"	"palmitoyl-linoleoyl-glycerol (16:0/18:2) [2]*"	"Group"	"RYGB"	0.310652363351951	0.218621742352776	0.1807901926218	0.439509276818394	"CPLM"	1.467	15	15	0
"3-hydroxy-3-methylglutarate"	"3-hydroxy-3-methylglutarate"	"Group"	"RYGB"	0.244485202496089	0.172125666690817	0.180952461168864	0.439509276818394	"CPLM"	1.99	15	15	0
"ornithine"	"ornithine"	"Group"	"RYGB"	0.256732745185955	0.181367496018293	0.182336839380439	0.441052970821679	"CPLM"	1.99	15	15	0
"1-methylhistidine"	"1-methylhistidine"	"Group"	"RYGB"	0.678685939338865	0.481144981599251	0.18376628751629	0.443599767815962	"CPLM"	1.99	15	15	0
"phenol glucuronide"	"phenol glucuronide"	"Group"	"RYGB"	0.746667882156135	0.530881715396116	0.184950525232118	0.445545437062238	"CPLM"	1.99	15	15	0
"creatine"	"creatine"	"Group"	"RYGB"	0.267785379616994	0.191715680132954	0.187775031422514	0.446877737268622	"CPLM"	1.99	15	15	0
"N-acetylleucine"	"N-acetylleucine"	"Group"	"RYGB"	-0.36971359856206	0.266744154784568	0.190955739686826	0.451461876654437	"CPLM"	1.038	15	15	0
"1-palmitoyl-2-stearoyl-GPC (16:0/18:0)"	"1-palmitoyl-2-stearoyl-GPC (16:0/18:0)"	"Group"	"RYGB"	-0.25576527827237	0.185481488035152	0.193077926383518	0.451461876654437	"CPLM"	1.99	15	15	0
"1-stearoyl-GPC (18:0)"	"1-stearoyl-GPC (18:0)"	"Group"	"RYGB"	-0.255698010701184	0.185191749734358	0.192539598560233	0.451461876654437	"CPLM"	1.99	15	15	0
"p-cresol sulfate"	"p-cresol sulfate"	"Group"	"RYGB"	0.300534545279274	0.21725267042113	0.191755479015922	0.451461876654437	"CPLM"	1.99	15	15	0
"ribonate (ribonolactone)"	"ribonate (ribonolactone)"	"Group"	"RYGB"	-0.275421964137696	0.200564926081264	0.194795033373701	0.452600688982681	"CPLM"	1.01	15	15	0
"pyridoxate"	"pyridoxate"	"Group"	"RYGB"	-0.329245325682695	0.239706708127343	0.194703331575178	0.452600688982681	"CPLM"	1.99	15	15	0
"1,2-dipalmitoyl-GPC (16:0/16:0)"	"1,2-dipalmitoyl-GPC (16:0/16:0)"	"Group"	"RYGB"	0.163404878435471	0.119258568730967	0.19572218835279	0.452968050843981	"CPLM"	1.99	15	15	0
"propionylcarnitine (C3)"	"propionylcarnitine (C3)"	"Group"	"RYGB"	0.283312471507303	0.207838247333921	0.197868703347366	0.455212033716735	"CPLM"	1.99	15	15	0
"gamma-glutamylleucine"	"gamma-glutamylleucine"	"Group"	"RYGB"	-0.195553209633675	0.143897740691071	0.19914911826274	0.455529439443705	"CPLM"	1.01	15	15	0
"myristate (14:0)"	"myristate (14:0)"	"Group"	"RYGB"	0.313736732285033	0.230684526820456	0.198825255991968	0.455529439443705	"CPLM"	1.99	15	15	0
"ribose"	"ribose"	"Group"	"RYGB"	0.464166521162119	0.343844865026866	0.20195224463566	0.4591184543398	"CPLM"	1.99	15	15	0
"adenine"	"adenine"	"Group"	"RYGB"	0.303684664823722	0.224741164345767	0.20153671475448	0.4591184543398	"CPLM"	1.99	15	15	0
"erythronate*"	"erythronate*"	"Group"	"RYGB"	0.472299133875993	0.351139712165733	0.20347951695269	0.460074608388232	"CPLM"	1.99	15	15	0
"N('1)-acetylspermidine"	"N('1)-acetylspermidine"	"Group"	"RYGB"	0.304670508092262	0.229507637652738	0.209046149389974	0.469059740916933	"CPLM"	1.451	15	15	0
"3-ureidopropionate"	"3-ureidopropionate"	"Group"	"RYGB"	0.285270973680478	0.215564893482323	0.210374543701826	0.469632680060723	"CPLM"	1.99	15	15	0
"oleoyl-linoleoyl-glycerol (18:1/18:2) [1]"	"oleoyl-linoleoyl-glycerol (18:1/18:2) [1]"	"Group"	"RYGB"	0.276922960555868	0.209712248790869	0.21130286659976	0.469650522367014	"CPLM"	1.99	15	15	0
"docosahexaenoate (DHA; 22:6n3)"	"docosahexaenoate (DHA; 22:6n3)"	"Group"	"RYGB"	0.251258864695237	0.190671265995278	0.212187823433074	0.470729295676387	"CPLM"	1.99	15	15	0
"N-acetylserine"	"N-acetylserine"	"Group"	"RYGB"	0.225747968148873	0.172034622667437	0.213990994449484	0.472062530826763	"CPLM"	1.99	15	15	0
"5-methylcytidine"	"5-methylcytidine"	"Group"	"RYGB"	-0.22270486070685	0.169476056975296	0.213385483019918	0.472062530826763	"CPLM"	1.99	15	15	0
"galactonate"	"galactonate"	"Group"	"RYGB"	0.624669231455299	0.481061134089844	0.218507582597103	0.477554605379197	"CPLM"	1.99	15	15	0
"maleoylcarnitine"	"maleoylcarnitine"	"Group"	"RYGB"	-0.262717657775782	0.202282161041854	0.218426238161979	0.477554605379197	"CPLM"	1.99	15	15	0
"1-(1-enyl-palmitoyl)-2-palmitoyl-GPC (P-16:0/16:0)*"	"1-(1-enyl-palmitoyl)-2-palmitoyl-GPC (P-16:0/16:0)*"	"Group"	"RYGB"	-0.284675663620713	0.220968782060887	0.221925665467142	0.483231855675218	"CPLM"	1.01	15	15	0
"tauro-beta-muricholate"	"tauro-beta-muricholate"	"Group"	"RYGB"	-0.8567106729477	0.666077471551008	0.222635074697796	0.483882136520301	"CPLM"	1.895	15	15	0
"tartronate (hydroxymalonate)"	"tartronate (hydroxymalonate)"	"Group"	"RYGB"	-0.259243944798331	0.202446615824349	0.224548153732506	0.48714129852098	"CPLM"	1.01	15	15	0
"(S)-3-hydroxybutyrylcarnitine"	"(S)-3-hydroxybutyrylcarnitine"	"Group"	"RYGB"	0.195357370390052	0.153193208145798	0.226361984183888	0.490173561339376	"CPLM"	1.99	15	15	0
"oleoyl ethanolamide"	"oleoyl ethanolamide"	"Group"	"RYGB"	-0.35656619018812	0.280037651386641	0.227031815352629	0.490721978872289	"CPLM"	1.708	15	15	0
"alpha-hydroxyisovalerate"	"alpha-hydroxyisovalerate"	"Group"	"RYGB"	0.611461069181285	0.485274022616223	0.231610890053959	0.497675002802228	"CPLM"	1.99	15	15	0
"1-(1-enyl-palmitoyl)-2-arachidonoyl-GPE (P-16:0/20:4)*"	"1-(1-enyl-palmitoyl)-2-arachidonoyl-GPE (P-16:0/20:4)*"	"Group"	"RYGB"	0.271841617993799	0.216110478284972	0.232360994517169	0.497675002802228	"CPLM"	1.99	15	15	0
"mead acid (20:3n9)"	"mead acid (20:3n9)"	"Group"	"RYGB"	-0.267716353643326	0.215021953274213	0.236873397789317	0.498824186357564	"CPLM"	1.99	15	15	0
"16-hydroxypalmitate"	"16-hydroxypalmitate"	"Group"	"RYGB"	0.330713934106422	0.265721736570097	0.237042943230211	0.498824186357564	"CPLM"	1.99	15	15	0
"1-(1-enyl-stearoyl)-2-linoleoyl-GPE (P-18:0/18:2)*"	"1-(1-enyl-stearoyl)-2-linoleoyl-GPE (P-18:0/18:2)*"	"Group"	"RYGB"	0.296819711702498	0.238536537265863	0.237132041052832	0.498824186357564	"CPLM"	1.879	15	15	0
"palmitoyl-linoleoyl-glycerol (16:0/18:2) [1]*"	"palmitoyl-linoleoyl-glycerol (16:0/18:2) [1]*"	"Group"	"RYGB"	0.262770341391671	0.210884971325867	0.236529072601664	0.498824186357564	"CPLM"	1.625	15	15	0
"campesterol"	"campesterol"	"Group"	"RYGB"	-0.369458421631789	0.295528058500024	0.235070188561166	0.498824186357564	"CPLM"	1.846	15	15	0
"taurocholenate sulfate*"	"taurocholenate sulfate*"	"Group"	"RYGB"	-0.235926622249636	0.189106888012281	0.235981369822631	0.498824186357564	"CPLM"	1.99	15	15	0
"hexadecanedioate (C16)"	"hexadecanedioate (C16)"	"Group"	"RYGB"	0.180759374327643	0.145693831041368	0.238433296526372	0.500667421226499	"CPLM"	1.01	15	15	0
"hydroxyasparagine"	"hydroxyasparagine"	"Group"	"RYGB"	0.347318372398492	0.281818645739634	0.24139411130154	0.50253492343543	"CPLM"	1.99	15	15	0
"tryptophan"	"tryptophan"	"Group"	"RYGB"	-0.192894103211066	0.156688976392448	0.241882259412469	0.50253492343543	"CPLM"	1.01	15	15	0
"cystathionine"	"cystathionine"	"Group"	"RYGB"	0.511769822113313	0.415342052054454	0.241485343125149	0.50253492343543	"CPLM"	1.99	15	15	0
"margaroylcarnitine (C17)*"	"margaroylcarnitine (C17)*"	"Group"	"RYGB"	0.254174170202456	0.206179828133123	0.241264115642793	0.50253492343543	"CPLM"	1.99	15	15	0
"linoleate (18:2n6)"	"linoleate (18:2n6)"	"Group"	"RYGB"	0.284912175250409	0.232784385297622	0.244465782747933	0.503462748386477	"CPLM"	1.99	15	15	0
"stearoyl-linoleoyl-glycerol (18:0/18:2) [2]*"	"stearoyl-linoleoyl-glycerol (18:0/18:2) [2]*"	"Group"	"RYGB"	0.369792637618086	0.302074084109539	0.244375950332312	0.503462748386477	"CPLM"	1.427	15	15	0
"linoleoyl-arachidonoyl-glycerol (18:2/20:4) [2]*"	"linoleoyl-arachidonoyl-glycerol (18:2/20:4) [2]*"	"Group"	"RYGB"	0.294764127098794	0.240280787492071	0.243442745796769	0.503462748386477	"CPLM"	1.99	15	15	0
"phenylacetylglutamine"	"phenylacetylglutamine"	"Group"	"RYGB"	0.489511885965074	0.401668717039211	0.246376396446154	0.503873949676335	"CPLM"	1.99	15	15	0
"stearoylcarnitine (C18)"	"stearoylcarnitine (C18)"	"Group"	"RYGB"	0.231926706905872	0.190194857383641	0.246112711631167	0.503873949676335	"CPLM"	1.99	15	15	0
"N-acetylalanine"	"N-acetylalanine"	"Group"	"RYGB"	-0.180694743142623	0.149066603407754	0.248772367135533	0.504427631559321	"CPLM"	1.01	15	15	0
"leucine"	"leucine"	"Group"	"RYGB"	-0.148972799226605	0.122746161308071	0.24822288897716	0.504427631559321	"CPLM"	1.99	15	15	0
"taurocholate"	"taurocholate"	"Group"	"RYGB"	-0.736198306089148	0.606985477712016	0.248513645356948	0.504427631559321	"CPLM"	1.896	15	15	0
"N6,N6,N6-trimethyllysine"	"N6,N6,N6-trimethyllysine"	"Group"	"RYGB"	0.294517615722176	0.243821096623723	0.250343593547631	0.505840056945299	"CPLM"	1.99	15	15	0
"1-(1-enyl-oleoyl)-GPE (P-18:1)*"	"1-(1-enyl-oleoyl)-GPE (P-18:1)*"	"Group"	"RYGB"	0.587699611736201	0.487993272096359	0.251683015293583	0.505942989788125	"CPLM"	1.99	15	15	0
"gamma-glutamylthreonine"	"gamma-glutamylthreonine"	"Group"	"RYGB"	-0.242147092501112	0.201989515112331	0.253740136811825	0.506215015232806	"CPLM"	1.99	15	15	0
"aconitate [cis or trans]"	"aconitate [cis or trans]"	"Group"	"RYGB"	-0.227747870849556	0.190256114371333	0.254396679981172	0.506215015232806	"CPLM"	1.738	15	15	0
"oleoyl-linoleoyl-glycerol (18:1/18:2) [2]"	"oleoyl-linoleoyl-glycerol (18:1/18:2) [2]"	"Group"	"RYGB"	0.265152450653743	0.221358256468578	0.254102648921299	0.506215015232806	"CPLM"	1.99	15	15	0
"beta-sitosterol"	"beta-sitosterol"	"Group"	"RYGB"	-0.412495430439671	0.344141262304737	0.253810494823745	0.506215015232806	"CPLM"	1.99	15	15	0
"dimethylglycine"	"dimethylglycine"	"Group"	"RYGB"	0.293068204977921	0.2464845624123	0.257439109776751	0.510544227806418	"CPLM"	1.99	15	15	0
"hippurate"	"hippurate"	"Group"	"RYGB"	0.437679462772094	0.372645775902226	0.262968769304801	0.517157279200427	"CPLM"	1.99	15	15	0
"10-heptadecenoate (17:1n7)"	"10-heptadecenoate (17:1n7)"	"Group"	"RYGB"	0.273452071184092	0.234793341322957	0.266791973368618	0.522061369814339	"CPLM"	1.99	15	15	0
"N6,N6-dimethyllysine"	"N6,N6-dimethyllysine"	"Group"	"RYGB"	0.176296807568518	0.151814597551336	0.268113686556245	0.522910468151088	"CPLM"	1.01	15	15	0
"mevalonate"	"mevalonate"	"Group"	"RYGB"	0.314817617298396	0.27094403196044	0.267853828253013	0.522910468151088	"CPLM"	1.99	15	15	0
"gamma-glutamyl-epsilon-lysine"	"gamma-glutamyl-epsilon-lysine"	"Group"	"RYGB"	-0.17988498811489	0.156136677755799	0.271716263124744	0.529060756960245	"CPLM"	1.01	15	15	0
"2-oleoylglycerol (18:1)"	"2-oleoylglycerol (18:1)"	"Group"	"RYGB"	-0.487038844472719	0.424454540250292	0.273559683142212	0.530021886088035	"CPLM"	1.739	15	15	0
"palmitoyl-palmitoyl-glycerol (16:0/16:0) [1]*"	"palmitoyl-palmitoyl-glycerol (16:0/16:0) [1]*"	"Group"	"RYGB"	0.464545262165242	0.404509010509988	0.273174139921847	0.530021886088035	"CPLM"	1.99	15	15	0
"phenyllactate (PLA)"	"phenyllactate (PLA)"	"Group"	"RYGB"	0.361593561155657	0.315577490172193	0.274208112911897	0.530405840739269	"CPLM"	1.99	15	15	0
"5-dodecenoylcarnitine (C12:1)"	"5-dodecenoylcarnitine (C12:1)"	"Group"	"RYGB"	-0.159200388874453	0.1393014816045	0.275391004829894	0.531820661786254	"CPLM"	1.99	15	15	0
"myristoleate (14:1n5)"	"myristoleate (14:1n5)"	"Group"	"RYGB"	0.276283943987535	0.245208769821399	0.281884361726485	0.54081397086938	"CPLM"	1.99	15	15	0
"sarcosine"	"sarcosine"	"Group"	"RYGB"	0.241167672188396	0.215345435715796	0.284666352443078	0.543495888456962	"CPLM"	1.99	15	15	0
"ceramide (d18:1/20:0, d16:1/22:0, d20:1/18:0)*"	"ceramide (d18:1/20:0, d16:1/22:0, d20:1/18:0)*"	"Group"	"RYGB"	0.261556414664858	0.235158600152769	0.287814642512702	0.546805850441081	"CPLM"	1.876	15	15	0
"heme"	"heme"	"Group"	"RYGB"	0.371115394473708	0.333171631508177	0.287141608369509	0.546805850441081	"CPLM"	1.99	15	15	0
"1-oleoyl-2-linoleoyl-GPC (18:1/18:2)*"	"1-oleoyl-2-linoleoyl-GPC (18:1/18:2)*"	"Group"	"RYGB"	-0.120929508232556	0.110083230455609	0.293526295957053	0.55157656220194	"CPLM"	1.01	15	15	0
"sphingomyelin (d18:2/18:1)*"	"sphingomyelin (d18:2/18:1)*"	"Group"	"RYGB"	-0.228598938869108	0.20775793693745	0.292778402580024	0.55157656220194	"CPLM"	1.99	15	15	0
"N-stearoyl-sphingosine (d18:1/18:0)*"	"N-stearoyl-sphingosine (d18:1/18:0)*"	"Group"	"RYGB"	0.318926884082469	0.29221749270061	0.29652471901371	0.556217741057328	"CPLM"	1.99	15	15	0
"tiglyl carnitine (C5)"	"tiglyl carnitine (C5)"	"Group"	"RYGB"	0.371654828203928	0.343789163963386	0.300920210780086	0.560006332225816	"CPLM"	1.99	15	15	0
"glucuronate"	"glucuronate"	"Group"	"RYGB"	-0.142256713827388	0.131430878111739	0.300359135123111	0.560006332225816	"CPLM"	1.99	15	15	0
"1-(1-enyl-palmitoyl)-GPE (P-16:0)*"	"1-(1-enyl-palmitoyl)-GPE (P-16:0)*"	"Group"	"RYGB"	0.432726607329695	0.399640131795303	0.300179339056879	0.560006332225816	"CPLM"	1.99	15	15	0
"taurodeoxycholate"	"taurodeoxycholate"	"Group"	"RYGB"	-0.707519496589732	0.654289111472575	0.300791433450368	0.560006332225816	"CPLM"	1.948	15	15	0
"N-acetylglutamine"	"N-acetylglutamine"	"Group"	"RYGB"	-0.116592715374468	0.108621563907481	0.304209646623176	0.561691165708623	"CPLM"	1.99	15	15	0
"arachidoylcarnitine (C20)*"	"arachidoylcarnitine (C20)*"	"Group"	"RYGB"	-0.206221489285239	0.191790413274273	0.303409739003032	0.561691165708623	"CPLM"	1.99	15	15	0
"13-HODE + 9-HODE"	"13-HODE + 9-HODE"	"Group"	"RYGB"	0.276858737144985	0.257746177045423	0.30387904759347	0.561691165708623	"CPLM"	1.99	15	15	0
"diacylglycerol (14:0/18:1, 16:0/16:1) [1]*"	"diacylglycerol (14:0/18:1, 16:0/16:1) [1]*"	"Group"	"RYGB"	0.398039778878508	0.370013938538629	0.303195478408805	0.561691165708623	"CPLM"	1.99	15	15	0
"2-palmitoyl-GPC* (16:0)*"	"2-palmitoyl-GPC* (16:0)*"	"Group"	"RYGB"	-0.182412655038942	0.17060488844796	0.306010816205115	0.56392052588873	"CPLM"	1.99	15	15	0
"3-formylindole"	"3-formylindole"	"Group"	"RYGB"	-0.321350548936072	0.30078560076828	0.306374479260431	0.56392052588873	"CPLM"	1.99	15	15	0
"gamma-glutamylvaline"	"gamma-glutamylvaline"	"Group"	"RYGB"	-0.176857343498202	0.16606394570004	0.307838341942438	0.565730993460519	"CPLM"	1.99	15	15	0
"methylsuccinate"	"methylsuccinate"	"Group"	"RYGB"	0.18913449451649	0.177785507719875	0.308342696463825	0.565775228090943	"CPLM"	1.99	15	15	0
"3-hydroxydecanoate"	"3-hydroxydecanoate"	"Group"	"RYGB"	0.227163346957653	0.213842050627024	0.309013240943404	0.566123791339548	"CPLM"	1.01	15	15	0
"cysteinylglycine disulfide*"	"cysteinylglycine disulfide*"	"Group"	"RYGB"	0.701514036166947	0.676147285290995	0.31995023029387	0.581392251234775	"CPLM"	1.99	15	15	0
"glycerate"	"glycerate"	"Group"	"RYGB"	0.143062245074093	0.138124724701394	0.320742210440815	0.581392251234775	"CPLM"	1.99	15	15	0
"cis-4-decenoylcarnitine (C10:1)"	"cis-4-decenoylcarnitine (C10:1)"	"Group"	"RYGB"	-0.112214232402447	0.108129655905518	0.319834806905966	0.581392251234775	"CPLM"	1.99	15	15	0
"glycerol 3-phosphate"	"glycerol 3-phosphate"	"Group"	"RYGB"	0.282466817740209	0.271971796906333	0.319471196719323	0.581392251234775	"CPLM"	1.99	15	15	0
"glycine"	"glycine"	"Group"	"RYGB"	-0.182108288714398	0.177121997336483	0.324157442332197	0.583879919063193	"CPLM"	1.01	15	15	0
"2-aminobutyrate"	"2-aminobutyrate"	"Group"	"RYGB"	0.280063917595635	0.27213032195089	0.323705386666494	0.583879919063193	"CPLM"	1.99	15	15	0
"octadecenedioate (C18:1-DC)*"	"octadecenedioate (C18:1-DC)*"	"Group"	"RYGB"	0.383118979997223	0.372522326866099	0.324024767447401	0.583879919063193	"CPLM"	1.99	15	15	0
"3-hydroxystearate"	"3-hydroxystearate"	"Group"	"RYGB"	-0.172365895275087	0.168367076194704	0.326148665643493	0.585675500195175	"CPLM"	1.01	15	15	0
"tauro-alpha-muricholate"	"tauro-alpha-muricholate"	"Group"	"RYGB"	-0.580635374621952	0.567156180392076	0.326141554266787	0.585675500195175	"CPLM"	1.967	15	15	0
"5-aminovalerate"	"5-aminovalerate"	"Group"	"RYGB"	0.852562178973767	0.838459535420415	0.329302604336952	0.589541744542446	"CPLM"	1.99	15	15	0
"ceramide (d16:1/24:1, d18:1/22:1)*"	"ceramide (d16:1/24:1, d18:1/22:1)*"	"Group"	"RYGB"	0.311521870091995	0.307130013426161	0.33045487541703	0.590706894144554	"CPLM"	1.497	15	15	0
"2,3-dihydroxy-5-methylthio-4-pentenoate (DMTPA)*"	"2,3-dihydroxy-5-methylthio-4-pentenoate (DMTPA)*"	"Group"	"RYGB"	-0.251812608918494	0.250272187602156	0.334199104819131	0.594545696455038	"CPLM"	1.99	15	15	0
"1-palmitoyl-2-arachidonoyl-GPE (16:0/20:4)*"	"1-palmitoyl-2-arachidonoyl-GPE (16:0/20:4)*"	"Group"	"RYGB"	0.210639487529027	0.21029471351702	0.336288208035148	0.596607694375609	"CPLM"	1.99	15	15	0
"gamma-glutamylglycine"	"gamma-glutamylglycine"	"Group"	"RYGB"	-0.196830733635123	0.19750229433033	0.338631034131867	0.598062006307856	"CPLM"	1.01	15	15	0
"2-hydroxyadipate"	"2-hydroxyadipate"	"Group"	"RYGB"	0.385644910066546	0.386785689157187	0.338420950780393	0.598062006307856	"CPLM"	1.99	15	15	0
"butyrylcarnitine (C4)"	"butyrylcarnitine (C4)"	"Group"	"RYGB"	0.214575461718691	0.216617025271605	0.341447126366364	0.60146887184097	"CPLM"	1.99	15	15	0
"picolinate"	"picolinate"	"Group"	"RYGB"	-0.232100788005783	0.235073086436577	0.342958917436215	0.602993439910241	"CPLM"	1.01	15	15	0
"N-acetylasparagine"	"N-acetylasparagine"	"Group"	"RYGB"	-0.224589278536086	0.229500799588971	0.347095399067579	0.607545884252018	"CPLM"	1.99	15	15	0
"cysteine-glutathione disulfide"	"cysteine-glutathione disulfide"	"Group"	"RYGB"	0.393880169041695	0.40469220607897	0.349623880386285	0.610158416437102	"CPLM"	1.476	15	15	0
"gamma-tocopherol/beta-tocopherol"	"gamma-tocopherol/beta-tocopherol"	"Group"	"RYGB"	-0.343369069609951	0.357857821887604	0.356235255986567	0.617125193459082	"CPLM"	1.474	15	15	0
"sulfate*"	"sulfate*"	"Group"	"RYGB"	-0.115711148367347	0.120522926847304	0.355963089443401	0.617125193459082	"CPLM"	1.01	15	15	0
"1-linoleoyl-2-linolenoyl-GPC (18:2/18:3)*"	"1-linoleoyl-2-linolenoyl-GPC (18:2/18:3)*"	"Group"	"RYGB"	0.29936871371347	0.316215730528043	0.362454778845111	0.626058254368828	"CPLM"	1.943	15	15	0
"gamma-glutamylhistidine"	"gamma-glutamylhistidine"	"Group"	"RYGB"	-0.149291679449719	0.159992311010856	0.369154800018423	0.636697444248467	"CPLM"	1.01	15	15	0
"trigonelline (N'-methylnicotinate)"	"trigonelline (N'-methylnicotinate)"	"Group"	"RYGB"	0.782353928904044	0.839810668829814	0.369915728087146	0.637077087261196	"CPLM"	1.99	15	15	0
"6-acetylglucose"	"6-acetylglucose"	"Group"	"RYGB"	0.248281728293898	0.267071480861878	0.370878773808704	0.637803205177596	"CPLM"	1.99	15	15	0
"N-acetylhomocitrulline"	"N-acetylhomocitrulline"	"Group"	"RYGB"	0.243234356864739	0.262815580619093	0.372946824779534	0.638304028379789	"CPLM"	1.99	15	15	0
"eicosenoylcarnitine (C20:1)*"	"eicosenoylcarnitine (C20:1)*"	"Group"	"RYGB"	0.17376157594752	0.187584202701705	0.372538644771329	0.638304028379789	"CPLM"	1.99	15	15	0
"pyridoxamine"	"pyridoxamine"	"Group"	"RYGB"	-0.237704561473924	0.257057860348581	0.373337415580369	0.638304028379789	"CPLM"	1.669	15	15	0
"3-methoxytyrosine"	"3-methoxytyrosine"	"Group"	"RYGB"	0.177234549717461	0.192049892623239	0.37426515390514	0.638962827971384	"CPLM"	1.01	15	15	0
"imidazole lactate"	"imidazole lactate"	"Group"	"RYGB"	-0.246551487306284	0.269300467473843	0.377946444334922	0.642454417642913	"CPLM"	1.01	15	15	0
"sphingomyelin (d18:1/21:0, d17:1/22:0, d16:1/23:0)*"	"sphingomyelin (d18:1/21:0, d17:1/22:0, d16:1/23:0)*"	"Group"	"RYGB"	-0.206387271137575	0.226834138182079	0.380808702009448	0.646002306844832	"CPLM"	1.01	15	15	0
"stearate (18:0)"	"stearate (18:0)"	"Group"	"RYGB"	-0.143729404474926	0.158712053666238	0.382971296996995	0.647259953891622	"CPLM"	1.99	15	15	0
"1-palmitoyl-GPC (16:0)"	"1-palmitoyl-GPC (16:0)"	"Group"	"RYGB"	-0.14815615106216	0.164492487709841	0.385474704355273	0.648744359683701	"CPLM"	1.99	15	15	0
"pentadecanoylcarnitine (C15)*"	"pentadecanoylcarnitine (C15)*"	"Group"	"RYGB"	0.151094216016271	0.168338295585386	0.387072413638811	0.649531771034928	"CPLM"	1.99	15	15	0
"1-palmitoyl-2-oleoyl-GPC (16:0/18:1)"	"1-palmitoyl-2-oleoyl-GPC (16:0/18:1)"	"Group"	"RYGB"	-0.131687458833925	0.146652567781435	0.386871437942786	0.649531771034928	"CPLM"	1.99	15	15	0
"pipecolate"	"pipecolate"	"Group"	"RYGB"	0.126468760808587	0.141904640153285	0.390329094496389	0.651285656256015	"CPLM"	1.99	15	15	0
"tetradecadienoate (14:2)*"	"tetradecadienoate (14:2)*"	"Group"	"RYGB"	0.202977724667188	0.228246687009503	0.391325632940978	0.65202488770081	"CPLM"	1.99	15	15	0
"1-linoleoyl-2-arachidonoyl-GPE (18:2/20:4)*"	"1-linoleoyl-2-arachidonoyl-GPE (18:2/20:4)*"	"Group"	"RYGB"	-0.113683445993782	0.128813758242339	0.394819866753938	0.655067328219914	"CPLM"	1.01	15	15	0
"gamma-glutamyltyrosine"	"gamma-glutamyltyrosine"	"Group"	"RYGB"	-0.201112285291912	0.229160381340227	0.397388689295561	0.657477353918779	"CPLM"	1.01	15	15	0
"N-acetylglycine"	"N-acetylglycine"	"Group"	"RYGB"	0.171352903346156	0.196889476087038	0.401211052239377	0.662838544746144	"CPLM"	1.01	15	15	0
"threonine"	"threonine"	"Group"	"RYGB"	-0.192187446744483	0.221910789696531	0.403442475876898	0.662838544746144	"CPLM"	1.816	15	15	0
"1-palmitoyl-GPI* (16:0)"	"1-palmitoyl-GPI* (16:0)"	"Group"	"RYGB"	0.196743942340769	0.227053466853739	0.403204317438306	0.662838544746144	"CPLM"	1.99	15	15	0
"orotate"	"orotate"	"Group"	"RYGB"	-0.147494085557583	0.170589963477556	0.404204638621132	0.66316582770988	"CPLM"	1.01	15	15	0
"alpha-hydroxyisocaproate"	"alpha-hydroxyisocaproate"	"Group"	"RYGB"	0.3466601785336	0.407028399825606	0.411063397897574	0.66661203283771	"CPLM"	1.99	15	15	0
"gamma-glutamyltryptophan"	"gamma-glutamyltryptophan"	"Group"	"RYGB"	0.215269044627708	0.25196662075852	0.409640355942764	0.66661203283771	"CPLM"	1.99	15	15	0
"phosphate"	"phosphate"	"Group"	"RYGB"	-0.167966192593397	0.197302895936721	0.411263075949026	0.66661203283771	"CPLM"	1.99	15	15	0
"pseudouridine"	"pseudouridine"	"Group"	"RYGB"	0.151035685144353	0.176512522847559	0.40894327341474	0.66661203283771	"CPLM"	1.99	15	15	0
"1-myristoyl-2-palmitoyl-GPC (14:0/16:0)"	"1-myristoyl-2-palmitoyl-GPC (14:0/16:0)"	"Group"	"RYGB"	0.19876865016633	0.235107064425264	0.414405704399387	0.668725917510244	"CPLM"	1.238	15	15	0
"1-methyl-5-imidazoleacetate"	"1-methyl-5-imidazoleacetate"	"Group"	"RYGB"	0.474676681208012	0.56845140382244	0.420012673742455	0.67313278330676	"CPLM"	1.99	15	15	0
"1-palmitoyl-2-arachidonoyl-GPI (16:0/20:4)*"	"1-palmitoyl-2-arachidonoyl-GPI (16:0/20:4)*"	"Group"	"RYGB"	-0.119070504378433	0.143310830138281	0.422279394621134	0.67313278330676	"CPLM"	1.99	15	15	0
"sphingomyelin (d18:2/24:2)*"	"sphingomyelin (d18:2/24:2)*"	"Group"	"RYGB"	0.154551200380304	0.184740610205064	0.419174108500636	0.67313278330676	"CPLM"	1.045	15	15	0
"3-decenoylcarnitine"	"3-decenoylcarnitine"	"Group"	"RYGB"	-0.139156747731084	0.168301514531566	0.42446968760224	0.67570985404789	"CPLM"	1.01	15	15	0
"arachidonoylcarnitine (C20:4)"	"arachidonoylcarnitine (C20:4)"	"Group"	"RYGB"	0.147451619594034	0.18094548296069	0.431008455945938	0.680600484054042	"CPLM"	1.99	15	15	0
"1-myristoyl-2-arachidonoyl-GPC (14:0/20:4)*"	"1-myristoyl-2-arachidonoyl-GPC (14:0/20:4)*"	"Group"	"RYGB"	-0.206643986296001	0.255188159643497	0.433836035357129	0.681481825603497	"CPLM"	1.238	15	15	0
"1-(1-enyl-palmitoyl)-2-arachidonoyl-GPC (P-16:0/20:4)*"	"1-(1-enyl-palmitoyl)-2-arachidonoyl-GPC (P-16:0/20:4)*"	"Group"	"RYGB"	-0.17417557101691	0.215151215306584	0.433958534237865	0.681481825603497	"CPLM"	1.01	15	15	0
"cholesterol"	"cholesterol"	"Group"	"RYGB"	-0.160960812624799	0.198789174352214	0.43387194237571	0.681481825603497	"CPLM"	1.99	15	15	0
"1-stearoyl-2-oleoyl-GPC (18:0/18:1)"	"1-stearoyl-2-oleoyl-GPC (18:0/18:1)"	"Group"	"RYGB"	-0.149361291130243	0.185751335587792	0.436983505541849	0.683102691148402	"CPLM"	1.99	15	15	0
"acetylcarnitine (C2)"	"acetylcarnitine (C2)"	"Group"	"RYGB"	0.130149914510624	0.164138358315687	0.443215101947807	0.683506707005861	"CPLM"	1.99	15	15	0
"nervonoylcarnitine (C24:1)*"	"nervonoylcarnitine (C24:1)*"	"Group"	"RYGB"	-0.180314817543599	0.227195248843902	0.44280720739729	0.683506707005861	"CPLM"	1.99	15	15	0
"docosahexaenoylcholine"	"docosahexaenoylcholine"	"Group"	"RYGB"	0.261632072524723	0.330877610964792	0.444453427475798	0.683506707005861	"CPLM"	1.99	15	15	0
"1-stearoyl-2-arachidonoyl-GPE (18:0/20:4)"	"1-stearoyl-2-arachidonoyl-GPE (18:0/20:4)"	"Group"	"RYGB"	0.189472753840236	0.238750583382388	0.442837771380592	0.683506707005861	"CPLM"	1.99	15	15	0
"2-stearoyl-GPE (18:0)*"	"2-stearoyl-GPE (18:0)*"	"Group"	"RYGB"	0.1604431825574	0.202423532618563	0.443392743200991	0.683506707005861	"CPLM"	1.99	15	15	0
"palmitoyl-arachidonoyl-glycerol (16:0/20:4) [1]*"	"palmitoyl-arachidonoyl-glycerol (16:0/20:4) [1]*"	"Group"	"RYGB"	0.203488221431846	0.257292620903788	0.44436307103935	0.683506707005861	"CPLM"	1.99	15	15	0
"ceramide (d18:1/17:0, d17:1/18:0)*"	"ceramide (d18:1/17:0, d17:1/18:0)*"	"Group"	"RYGB"	-0.155651845319319	0.194607564929317	0.439359227238766	0.683506707005861	"CPLM"	1.99	15	15	0
"beta-alanine"	"beta-alanine"	"Group"	"RYGB"	-0.129228724140989	0.163367831604775	0.444280663854295	0.683506707005861	"CPLM"	1.01	15	15	0
"2-oxo-1-pyrrolidinepropionate"	"2-oxo-1-pyrrolidinepropionate"	"Group"	"RYGB"	0.22931206413432	0.288412457979196	0.442007443727564	0.683506707005861	"CPLM"	1.99	15	15	0
"1-(1-enyl-palmitoyl)-GPC (P-16:0)*"	"1-(1-enyl-palmitoyl)-GPC (P-16:0)*"	"Group"	"RYGB"	-0.17532058774456	0.22438666802756	0.449747666823765	0.688055521452461	"CPLM"	1.02	15	15	0
"diacylglycerol (16:1/18:2 [2], 16:0/18:3 [1])*"	"diacylglycerol (16:1/18:2 [2], 16:0/18:3 [1])*"	"Group"	"RYGB"	0.222187236099537	0.284152325497306	0.44940951849525	0.688055521452461	"CPLM"	1.68	15	15	0
"glycerophosphoinositol*"	"glycerophosphoinositol*"	"Group"	"RYGB"	-0.435682698596926	0.55910354515213	0.450926073428484	0.688550604698762	"CPLM"	1.99	15	15	0
"diacylglycerol (14:0/18:1, 16:0/16:1) [2]*"	"diacylglycerol (14:0/18:1, 16:0/16:1) [2]*"	"Group"	"RYGB"	0.22654191933607	0.291123206970325	0.451542715842004	0.688550604698762	"CPLM"	1.99	15	15	0
"urate"	"urate"	"Group"	"RYGB"	-0.248397183313748	0.319836145432829	0.45240931072737	0.688550604698762	"CPLM"	1.99	15	15	0
"dihomolinolenate (20:3n3 or 3n6)"	"dihomolinolenate (20:3n3 or 3n6)"	"Group"	"RYGB"	0.171130753642794	0.22316279077767	0.457996821115656	0.695258060920416	"CPLM"	1.99	15	15	0
"phenylalanine"	"phenylalanine"	"Group"	"RYGB"	-0.0855187173897256	0.111905638568676	0.459509408532318	0.696656477800606	"CPLM"	1.01	15	15	0
"gamma-glutamyl-alpha-lysine"	"gamma-glutamyl-alpha-lysine"	"Group"	"RYGB"	-0.149994590031031	0.197582122215975	0.462414700011185	0.69926125367545	"CPLM"	1.01	15	15	0
"glycochenodeoxycholate"	"glycochenodeoxycholate"	"Group"	"RYGB"	-0.508283593318545	0.66868530610169	0.46185429980889	0.69926125367545	"CPLM"	1.99	15	15	0
"isobutyrylcarnitine (C4)"	"isobutyrylcarnitine (C4)"	"Group"	"RYGB"	-0.197759097202053	0.266871254642179	0.472928816463204	0.708990601299392	"CPLM"	1.361	15	15	0
"deoxycarnitine"	"deoxycarnitine"	"Group"	"RYGB"	0.160303123285694	0.216994600905858	0.474265359782615	0.708990601299392	"CPLM"	1.99	15	15	0
"phosphocholine"	"phosphocholine"	"Group"	"RYGB"	0.220599867163684	0.298395486085549	0.47394679064749	0.708990601299392	"CPLM"	1.99	15	15	0
"2-linoleoylglycerol (18:2)"	"2-linoleoylglycerol (18:2)"	"Group"	"RYGB"	-0.220289629928267	0.297432009994208	0.473156405067726	0.708990601299392	"CPLM"	1.139	15	15	0
"2-hydroxystearate"	"2-hydroxystearate"	"Group"	"RYGB"	-0.144476114918102	0.196245653040259	0.475754627754218	0.710315527876386	"CPLM"	1.99	15	15	0
"stearoyl-arachidonoyl-glycerol (18:0/20:4) [1]*"	"stearoyl-arachidonoyl-glycerol (18:0/20:4) [1]*"	"Group"	"RYGB"	0.1700339709997	0.234620423324395	0.482516558530644	0.716777434992559	"CPLM"	1.99	15	15	0
"arginine"	"arginine"	"Group"	"RYGB"	-0.169910075717638	0.237479725644865	0.488005704018972	0.72219939614868	"CPLM"	1.01	15	15	0
"1-palmitoyl-GPE (16:0)"	"1-palmitoyl-GPE (16:0)"	"Group"	"RYGB"	0.130683502037182	0.183359373470126	0.489647789671542	0.722813403800848	"CPLM"	1.99	15	15	0
"hydroxyproline"	"hydroxyproline"	"Group"	"RYGB"	-0.173445669952983	0.243995513238597	0.490759828706392	0.723548283124068	"CPLM"	1.01	15	15	0
"glycerol"	"glycerol"	"Group"	"RYGB"	0.185227293961654	0.265714381293469	0.499028120541855	0.731163092037694	"CPLM"	1.99	15	15	0
"1-methylnicotinamide"	"1-methylnicotinamide"	"Group"	"RYGB"	-0.174737449846837	0.25032125939663	0.498448101631713	0.731163092037694	"CPLM"	1.99	15	15	0
"isovalerate (C5)"	"isovalerate (C5)"	"Group"	"RYGB"	-0.299129063053704	0.442836063898881	0.51217467032302	0.748562979702875	"CPLM"	1.99	15	15	0
"isoleucine"	"isoleucine"	"Group"	"RYGB"	-0.0682271086866155	0.101400082891116	0.51379132375201	0.749059982609347	"CPLM"	1.99	15	15	0
"citrate"	"citrate"	"Group"	"RYGB"	-0.146989576793721	0.218791882797439	0.514422347988932	0.749059982609347	"CPLM"	1.01	15	15	0
"homocitrulline"	"homocitrulline"	"Group"	"RYGB"	0.313166483597914	0.471244858824971	0.518904073628793	0.753307730782602	"CPLM"	1.99	15	15	0
"palmitoleoyl-arachidonoyl-glycerol (16:1/20:4) [2]*"	"palmitoleoyl-arachidonoyl-glycerol (16:1/20:4) [2]*"	"Group"	"RYGB"	-0.182332969906066	0.275034997775711	0.519897440684427	0.753307730782602	"CPLM"	1.163	15	15	0
"pentadecanoate (15:0)"	"pentadecanoate (15:0)"	"Group"	"RYGB"	-0.0805873909500597	0.122001930143891	0.521384811818682	0.753810260129827	"CPLM"	1.01	15	15	0
"5,6-dihydrouridine"	"5,6-dihydrouridine"	"Group"	"RYGB"	0.139118958105573	0.21068505236767	0.52152407640561	0.753810260129827	"CPLM"	1.99	15	15	0
"caproate (6:0)"	"caproate (6:0)"	"Group"	"RYGB"	-0.177065161621971	0.270317790923034	0.524808817399351	0.75762841531426	"CPLM"	1.99	15	15	0
"4-imidazoleacetate"	"4-imidazoleacetate"	"Group"	"RYGB"	-0.216326622172571	0.331189758795472	0.525957376082623	0.758357146909828	"CPLM"	1.99	15	15	0
"serotonin"	"serotonin"	"Group"	"RYGB"	0.409034747363763	0.631556991145859	0.529400806692727	0.76014063541004	"CPLM"	1.99	15	15	0
"isovalerylcarnitine (C5)"	"isovalerylcarnitine (C5)"	"Group"	"RYGB"	-0.215667040916421	0.33436794110634	0.531065995706675	0.76014063541004	"CPLM"	1.99	15	15	0
"1-arachidonoyl-GPA (20:4)"	"1-arachidonoyl-GPA (20:4)"	"Group"	"RYGB"	-0.187728597606712	0.292432290035374	0.53297363670691	0.76122707963934	"CPLM"	1.99	15	15	0
"uracil"	"uracil"	"Group"	"RYGB"	-0.0984072207083807	0.153593947702785	0.533763639882933	0.76122707963934	"CPLM"	1.99	15	15	0
"(16 or 17)-methylstearate (a19:0 or i19:0)"	"(16 or 17)-methylstearate (a19:0 or i19:0)"	"Group"	"RYGB"	-0.114092175110026	0.178855766389245	0.535521645534834	0.762810759903307	"CPLM"	1.99	15	15	0
"N-methylhydroxyproline"	"N-methylhydroxyproline"	"Group"	"RYGB"	-0.10656756359748	0.167705005091897	0.537066839179373	0.7634110280523	"CPLM"	1.99	15	15	0
"3-hydroxyoctanoate"	"3-hydroxyoctanoate"	"Group"	"RYGB"	-0.13172392804644	0.208623408014179	0.539623085493253	0.765384528689099	"CPLM"	1.99	15	15	0
"heptenedioate (C7:1-DC)*"	"heptenedioate (C7:1-DC)*"	"Group"	"RYGB"	0.160014611529049	0.255226583386855	0.542435687420866	0.765483402715007	"CPLM"	1.99	15	15	0
"glycerophosphorylcholine (GPC)"	"glycerophosphorylcholine (GPC)"	"Group"	"RYGB"	-0.104732063146224	0.167117405638669	0.54259646966641	0.765483402715007	"CPLM"	1.99	15	15	0
"5-oxoproline"	"5-oxoproline"	"Group"	"RYGB"	0.0810625810095334	0.132162732427225	0.551091103437797	0.772927192114308	"CPLM"	1.01	15	15	0
"glutarate (C5-DC)"	"glutarate (C5-DC)"	"Group"	"RYGB"	-0.206616415291392	0.336916688556223	0.551153515599337	0.772927192114308	"CPLM"	1.99	15	15	0
"sphingomyelin (d18:0/18:0, d19:0/17:0)*"	"sphingomyelin (d18:0/18:0, d19:0/17:0)*"	"Group"	"RYGB"	0.120647178452668	0.198814043626396	0.555268643745087	0.774090487966524	"CPLM"	1.99	15	15	0
"methionine sulfoxide"	"methionine sulfoxide"	"Group"	"RYGB"	0.0791766428282974	0.133761548358506	0.564887434825133	0.780736951793055	"CPLM"	1.01	15	15	0
"laurylcarnitine (C12)"	"laurylcarnitine (C12)"	"Group"	"RYGB"	0.0755786736420662	0.127833344531012	0.565338386994461	0.780736951793055	"CPLM"	1.99	15	15	0
"2-hydroxypalmitate"	"2-hydroxypalmitate"	"Group"	"RYGB"	-0.103153637294629	0.17441912648909	0.565218922585759	0.780736951793055	"CPLM"	1.99	15	15	0
"3-hydroxylaurate"	"3-hydroxylaurate"	"Group"	"RYGB"	-0.132673784584911	0.22366446055274	0.564072123444118	0.780736951793055	"CPLM"	1.99	15	15	0
"1-oleoyl-GPI (18:1)"	"1-oleoyl-GPI (18:1)"	"Group"	"RYGB"	0.150247326210978	0.253315736910841	0.564110648423583	0.780736951793055	"CPLM"	1.99	15	15	0
"N-acetylthreonine"	"N-acetylthreonine"	"Group"	"RYGB"	-0.127131193747695	0.215566226144731	0.56629423451748	0.780913092792791	"CPLM"	1.99	15	15	0
"palmitoylcholine"	"palmitoylcholine"	"Group"	"RYGB"	0.174019440367307	0.295454846933909	0.566791760897994	0.780913092792791	"CPLM"	1.99	15	15	0
"1-ribosyl-imidazoleacetate*"	"1-ribosyl-imidazoleacetate*"	"Group"	"RYGB"	0.141907890976845	0.246159042818685	0.574939235566233	0.785108950327774	"CPLM"	1.504	15	15	0
"N-acetylarginine"	"N-acetylarginine"	"Group"	"RYGB"	-0.119393041608515	0.207136350032602	0.574998340552877	0.785108950327774	"CPLM"	1.01	15	15	0
"putrescine"	"putrescine"	"Group"	"RYGB"	0.185500422814873	0.318614554085673	0.571202517035058	0.785108950327774	"CPLM"	1.99	15	15	0
"heptanoate (7:0)"	"heptanoate (7:0)"	"Group"	"RYGB"	0.258101627269481	0.448779098321415	0.575835427065532	0.785108950327774	"CPLM"	1.99	15	15	0
"1-stearoyl-2-docosahexaenoyl-GPC (18:0/22:6)"	"1-stearoyl-2-docosahexaenoyl-GPC (18:0/22:6)"	"Group"	"RYGB"	-0.101083923079919	0.175171547926689	0.574567579955001	0.785108950327774	"CPLM"	1.99	15	15	0
"eicosapentaenoate (EPA; 20:5n3)"	"eicosapentaenoate (EPA; 20:5n3)"	"Group"	"RYGB"	0.227553222456617	0.398660598763106	0.578671504161299	0.786245711536344	"CPLM"	1.99	15	15	0
"palmitoyl dihydrosphingomyelin (d18:0/16:0)*"	"palmitoyl dihydrosphingomyelin (d18:0/16:0)*"	"Group"	"RYGB"	0.0917353899028318	0.160511607474167	0.578196010717263	0.786245711536344	"CPLM"	1.99	15	15	0
"O-sulfo-L-tyrosine"	"O-sulfo-L-tyrosine"	"Group"	"RYGB"	0.14776980352864	0.258764321412242	0.578497488874699	0.786245711536344	"CPLM"	1.99	15	15	0
"carboxyethyl-GABA"	"carboxyethyl-GABA"	"Group"	"RYGB"	0.106473968490461	0.189983287388663	0.585491901341185	0.789141258329424	"CPLM"	1.01	15	15	0
"gamma-glutamylglutamate"	"gamma-glutamylglutamate"	"Group"	"RYGB"	-0.137914321270193	0.245980970860832	0.585338585202604	0.789141258329424	"CPLM"	1.99	15	15	0
"7-methylguanine"	"7-methylguanine"	"Group"	"RYGB"	0.145655273432561	0.258122513176484	0.582952151133543	0.789141258329424	"CPLM"	1.734	15	15	0
"octadecanedioate (C18)"	"octadecanedioate (C18)"	"Group"	"RYGB"	0.104928206973619	0.189460820357161	0.589869406583476	0.791119348354015	"CPLM"	1.99	15	15	0
"1-arachidonoyl-GPI* (20:4)*"	"1-arachidonoyl-GPI* (20:4)*"	"Group"	"RYGB"	-0.14952131712507	0.268975483004957	0.588499611664865	0.791119348354015	"CPLM"	1.661	15	15	0
"laurate (12:0)"	"laurate (12:0)"	"Group"	"RYGB"	0.125331056163281	0.227487367993406	0.591787073602869	0.791657972371138	"CPLM"	1.99	15	15	0
"5-methylthioadenosine (MTA)"	"5-methylthioadenosine (MTA)"	"Group"	"RYGB"	-0.100734370896542	0.185474563289373	0.596993581679157	0.795541220834895	"CPLM"	1.99	15	15	0
"valerate (5:0)"	"valerate (5:0)"	"Group"	"RYGB"	-0.393198953168913	0.738523450515477	0.60415913130906	0.796842871790458	"CPLM"	1.99	15	15	0
"carnitine"	"carnitine"	"Group"	"RYGB"	-0.10303238361481	0.193000604358977	0.603197643007422	0.796842871790458	"CPLM"	1.011	15	15	0
"linoleoylcholine*"	"linoleoylcholine*"	"Group"	"RYGB"	0.164230582322171	0.309754293964242	0.605647911978984	0.796842871790458	"CPLM"	1.99	15	15	0
"sphinganine-1-phosphate"	"sphinganine-1-phosphate"	"Group"	"RYGB"	0.142957867420623	0.268609982301107	0.604292581630054	0.796842871790458	"CPLM"	1.99	15	15	0
"adenosine"	"adenosine"	"Group"	"RYGB"	0.298633097425474	0.572809075450836	0.611610707540472	0.803207818821266	"CPLM"	1.99	15	15	0
"succinylcarnitine (C4)"	"succinylcarnitine (C4)"	"Group"	"RYGB"	0.20176842812928	0.395768620774145	0.619427727364356	0.807174627030101	"CPLM"	1.99	15	15	0
"maleate"	"maleate"	"Group"	"RYGB"	0.118749427468662	0.231983180760682	0.618018523722414	0.807174627030101	"CPLM"	1.99	15	15	0
"erythritol"	"erythritol"	"Group"	"RYGB"	0.137049251797953	0.268150469145084	0.61856003511078	0.807174627030101	"CPLM"	1.99	15	15	0
"cis-4-decenoate (10:1n6)*"	"cis-4-decenoate (10:1n6)*"	"Group"	"RYGB"	-0.174514947197867	0.342994643838632	0.620118803879413	0.807182266265137	"CPLM"	1.098	15	15	0
"allantoin"	"allantoin"	"Group"	"RYGB"	-0.0825942772427424	0.162894008610017	0.621313034813	0.807844100452222	"CPLM"	1.99	15	15	0
"N-acetyltyrosine"	"N-acetyltyrosine"	"Group"	"RYGB"	0.233610212273144	0.463587579332924	0.623442445550837	0.807919196947533	"CPLM"	1.99	15	15	0
"urea"	"urea"	"Group"	"RYGB"	0.12175668405249	0.242907758130999	0.625265800895338	0.807919196947533	"CPLM"	1.99	15	15	0
"myo-inositol"	"myo-inositol"	"Group"	"RYGB"	-0.0986878441555248	0.197011433070192	0.625485829894864	0.807919196947533	"CPLM"	1.99	15	15	0
"linoleoyl-linolenoyl-glycerol (18:2/18:3) [2]*"	"linoleoyl-linolenoyl-glycerol (18:2/18:3) [2]*"	"Group"	"RYGB"	0.130247976333837	0.258675510663613	0.623714876513818	0.807919196947533	"CPLM"	1.99	15	15	0
"1-methyladenosine"	"1-methyladenosine"	"Group"	"RYGB"	0.128381389080879	0.253899209151762	0.622269250414344	0.807919196947533	"CPLM"	1.087	15	15	0
"2'-O-methylcytidine"	"2'-O-methylcytidine"	"Group"	"RYGB"	-0.0846447230339251	0.168334272215328	0.624179945474933	0.807919196947533	"CPLM"	1.01	15	15	0
"N-acetylhistidine"	"N-acetylhistidine"	"Group"	"RYGB"	-0.0731085339710716	0.146324613985649	0.626368656515344	0.808173359666018	"CPLM"	1.01	15	15	0
"carnosine"	"carnosine"	"Group"	"RYGB"	-0.170494818735575	0.343425359977587	0.628543356459581	0.81005580998136	"CPLM"	1.99	15	15	0
"oleoylcholine"	"oleoylcholine"	"Group"	"RYGB"	0.153757521501689	0.31031362016458	0.629202942387898	0.81005580998136	"CPLM"	1.99	15	15	0
"N-acetylisoleucine"	"N-acetylisoleucine"	"Group"	"RYGB"	0.156376973322545	0.320362965244979	0.63425910204422	0.813896756217964	"CPLM"	1.529	15	15	0
"palmitate (16:0)"	"palmitate (16:0)"	"Group"	"RYGB"	0.0873604440874624	0.180027388604634	0.636229055325246	0.814136369361871	"CPLM"	1.99	15	15	0
"(14 or 15)-methylpalmitate (a17:0 or i17:0)"	"(14 or 15)-methylpalmitate (a17:0 or i17:0)"	"Group"	"RYGB"	-0.0736554694554218	0.151916827338719	0.636519181818576	0.814136369361871	"CPLM"	1.99	15	15	0
"oleate/vaccenate (18:1)"	"oleate/vaccenate (18:1)"	"Group"	"RYGB"	0.114373126029919	0.24005625291108	0.642316610356686	0.820635451045881	"CPLM"	1.99	15	15	0
"7-HOCA"	"7-HOCA"	"Group"	"RYGB"	-0.161023950926006	0.341972543085303	0.646178980727691	0.822028984122268	"CPLM"	1.99	15	15	0
"N-acetylvaline"	"N-acetylvaline"	"Group"	"RYGB"	-0.155243686183586	0.331353180897131	0.647812974729947	0.82310332557897	"CPLM"	1.018	15	15	0
"N-methylproline"	"N-methylproline"	"Group"	"RYGB"	0.167449520461186	0.358640377554208	0.648934038721462	0.82310332557897	"CPLM"	1.99	15	15	0
"butyrylglycine (C4)"	"butyrylglycine (C4)"	"Group"	"RYGB"	0.152879900852835	0.327622809452735	0.649119685452346	0.82310332557897	"CPLM"	1.99	15	15	0
"sphingomyelin (d18:2/23:1)*"	"sphingomyelin (d18:2/23:1)*"	"Group"	"RYGB"	-0.138421825197269	0.298591506874231	0.651242679829408	0.824907394450584	"CPLM"	1.01	15	15	0
"xylose"	"xylose"	"Group"	"RYGB"	-0.217170522944855	0.47554075480277	0.656056247182848	0.827195868175109	"CPLM"	1.99	15	15	0
"thioproline"	"thioproline"	"Group"	"RYGB"	-0.149899334831337	0.326377401002025	0.654240189803389	0.827195868175109	"CPLM"	1.99	15	15	0
"taurine"	"taurine"	"Group"	"RYGB"	-0.0395440571745294	0.0877450892712737	0.660262294636381	0.829653877295661	"CPLM"	1.99	15	15	0
"N-acetylglucosamine/N-acetylgalactosamine"	"N-acetylglucosamine/N-acetylgalactosamine"	"Group"	"RYGB"	-0.110175686536827	0.246400451448225	0.662737095530744	0.829653877295661	"CPLM"	1.99	15	15	0
"1-palmitoyl-2-palmitoleoyl-GPC (16:0/16:1)*"	"1-palmitoyl-2-palmitoleoyl-GPC (16:0/16:1)*"	"Group"	"RYGB"	0.0629424568232933	0.140019563874273	0.661063810893152	0.829653877295661	"CPLM"	1.99	15	15	0
"2-oxoarginine*"	"2-oxoarginine*"	"Group"	"RYGB"	-0.098786869620227	0.221734005124497	0.663875305658154	0.830196507500324	"CPLM"	1.01	15	15	0
"S-methylcysteine sulfoxide"	"S-methylcysteine sulfoxide"	"Group"	"RYGB"	-0.105513718816306	0.238521654939726	0.666092611090481	0.831368234011458	"CPLM"	1.01	15	15	0
"1-palmitoleoyl-2-linoleoyl-GPC (16:1/18:2)*"	"1-palmitoleoyl-2-linoleoyl-GPC (16:1/18:2)*"	"Group"	"RYGB"	0.0724031781291312	0.163955472063819	0.666629216493342	0.831368234011458	"CPLM"	1.99	15	15	0
"1-oleoyl-GPE (18:1)"	"1-oleoyl-GPE (18:1)"	"Group"	"RYGB"	0.0929442338807503	0.210673827383649	0.666929525586442	0.831368234011458	"CPLM"	1.99	15	15	0
"1-linoleoyl-GPI* (18:2)*"	"1-linoleoyl-GPI* (18:2)*"	"Group"	"RYGB"	0.0927268729383862	0.212242161196526	0.66994795955315	0.833456180200122	"CPLM"	1.288	15	15	0
"1-(1-enyl-stearoyl)-2-arachidonoyl-GPE (P-18:0/20:4)*"	"1-(1-enyl-stearoyl)-2-arachidonoyl-GPE (P-18:0/20:4)*"	"Group"	"RYGB"	-0.0943467402818451	0.216000037341694	0.670019526867161	0.833456180200122	"CPLM"	1.99	15	15	0
"1-stearoyl-GPE (18:0)"	"1-stearoyl-GPE (18:0)"	"Group"	"RYGB"	0.095136137540163	0.22013120346618	0.673275254971063	0.836622626957714	"CPLM"	1.99	15	15	0
"sphingomyelin (d18:2/24:1, d18:1/24:2)*"	"sphingomyelin (d18:2/24:1, d18:1/24:2)*"	"Group"	"RYGB"	0.0647324476655613	0.152505549732521	0.678741228492082	0.840754118994398	"CPLM"	1.99	15	15	0
"aspartate"	"aspartate"	"Group"	"RYGB"	0.0648711195250389	0.153517382584533	0.680085457524892	0.841534316138994	"CPLM"	1.01	15	15	0
"uridine"	"uridine"	"Group"	"RYGB"	-0.0546971914436707	0.130182120435565	0.681794646302532	0.841841359656343	"CPLM"	1.99	15	15	0
"1-palmitoyl-2-linoleoyl-GPC (16:0/18:2)"	"1-palmitoyl-2-linoleoyl-GPC (16:0/18:2)"	"Group"	"RYGB"	-0.0488218445272052	0.119446378655921	0.689934596327527	0.846146925027333	"CPLM"	1.01	15	15	0
"thymidine"	"thymidine"	"Group"	"RYGB"	0.0947590649848898	0.231614262154919	0.689655993124313	0.846146925027333	"CPLM"	1.99	15	15	0
"S-methylcysteine"	"S-methylcysteine"	"Group"	"RYGB"	-0.0617903302912721	0.155668353110879	0.698383794904205	0.851652288195811	"CPLM"	1.01	15	15	0
"2-hydroxybutyrate/2-hydroxyisobutyrate"	"2-hydroxybutyrate/2-hydroxyisobutyrate"	"Group"	"RYGB"	-0.0876239025314973	0.222490138343452	0.700612964360325	0.852109314359563	"CPLM"	1.99	15	15	0
"1-(1-enyl-stearoyl)-GPE (P-18:0)*"	"1-(1-enyl-stearoyl)-GPE (P-18:0)*"	"Group"	"RYGB"	0.153198719099094	0.388345137364676	0.700139726938276	0.852109314359563	"CPLM"	1.99	15	15	0
"1-linoleoyl-GPE (18:2)*"	"1-linoleoyl-GPE (18:2)*"	"Group"	"RYGB"	-0.0611444126289987	0.156633098647658	0.7031061033562	0.852118302215641	"CPLM"	1.99	15	15	0
"oleoyl-oleoyl-glycerol (18:1/18:1)  [1]*"	"oleoyl-oleoyl-glycerol (18:1/18:1)  [1]*"	"Group"	"RYGB"	-0.0949139400570831	0.244441401668255	0.704602727343186	0.853054483874895	"CPLM"	1.99	15	15	0
"3-(4-hydroxyphenyl)lactate (HPLA)"	"3-(4-hydroxyphenyl)lactate (HPLA)"	"Group"	"RYGB"	-0.0777165246749192	0.205896970492204	0.712427669339537	0.860246084256384	"CPLM"	1.99	15	15	0
"1,5-anhydroglucitol (1,5-AG)"	"1,5-anhydroglucitol (1,5-AG)"	"Group"	"RYGB"	-0.0651344063323356	0.172756196217527	0.712733597821928	0.860246084256384	"CPLM"	1.01	15	15	0
"6-oxolithocholate"	"6-oxolithocholate"	"Group"	"RYGB"	0.214793950166335	0.572893538535423	0.714256234759663	0.860468639895206	"CPLM"	1.99	15	15	0
"3-amino-2-piperidone"	"3-amino-2-piperidone"	"Group"	"RYGB"	0.0586055148308699	0.157910883134087	0.717009832001986	0.861875083773815	"CPLM"	1.99	15	15	0
"2S,3R-dihydroxybutyrate"	"2S,3R-dihydroxybutyrate"	"Group"	"RYGB"	0.134813593326804	0.368903814516431	0.721140529629392	0.862440146094846	"CPLM"	1.746	15	15	0
"2R,3R-dihydroxybutyrate"	"2R,3R-dihydroxybutyrate"	"Group"	"RYGB"	0.0870164592931999	0.236386673327842	0.71920212594312	0.862440146094846	"CPLM"	1.01	15	15	0
"beta-guanidinopropanoate"	"beta-guanidinopropanoate"	"Group"	"RYGB"	0.116649911140952	0.318520231074907	0.720572850158075	0.862440146094846	"CPLM"	1.99	15	15	0
"betaine"	"betaine"	"Group"	"RYGB"	0.0519555430806999	0.143310909938081	0.723255365254404	0.86321663654477	"CPLM"	1.01	15	15	0
"mannose"	"mannose"	"Group"	"RYGB"	-0.0547859732969519	0.153023288872213	0.726544212201666	0.865825925582361	"CPLM"	1.01	15	15	0
"erucate (22:1n9)"	"erucate (22:1n9)"	"Group"	"RYGB"	-0.0799671479964609	0.2259974536751	0.729597213331853	0.867270955908096	"CPLM"	1.01	15	15	0
"oleoyl-arachidonoyl-glycerol (18:1/20:4) [2]*"	"oleoyl-arachidonoyl-glycerol (18:1/20:4) [2]*"	"Group"	"RYGB"	0.0761984923775234	0.216125627814424	0.730528920251643	0.867503092798825	"CPLM"	1.99	15	15	0
"hexanoylcarnitine (C6)"	"hexanoylcarnitine (C6)"	"Group"	"RYGB"	-0.0645492274242429	0.185991065006273	0.73456008239782	0.868808540423091	"CPLM"	1.99	15	15	0
"glycosyl-N-stearoyl-sphingosine (d18:1/18:0)"	"glycosyl-N-stearoyl-sphingosine (d18:1/18:0)"	"Group"	"RYGB"	-0.13988917145584	0.403103306495533	0.734578358456196	0.868808540423091	"CPLM"	1.99	15	15	0
"methionine"	"methionine"	"Group"	"RYGB"	0.0579201330349417	0.167710087209155	0.735803140919272	0.869028501660019	"CPLM"	1.01	15	15	0
"nonadecanoate (19:0)"	"nonadecanoate (19:0)"	"Group"	"RYGB"	-0.0552845968418719	0.160622474069888	0.736659964205121	0.869028501660019	"CPLM"	1.01	15	15	0
"adrenate (22:4n6)"	"adrenate (22:4n6)"	"Group"	"RYGB"	0.109569202437225	0.318740651379057	0.736977481458709	0.869028501660019	"CPLM"	1.99	15	15	0
"kynurenine"	"kynurenine"	"Group"	"RYGB"	-0.0572711676666571	0.171789818792476	0.744600871831856	0.874832338357357	"CPLM"	1.99	15	15	0
"3-hydroxy-2-ethylpropionate"	"3-hydroxy-2-ethylpropionate"	"Group"	"RYGB"	-0.0745909414196948	0.227636132244423	0.748802610635967	0.875957770932641	"CPLM"	1.99	15	15	0
"N-monomethylarginine"	"N-monomethylarginine"	"Group"	"RYGB"	0.0740037642890432	0.224760372192458	0.747637635390345	0.875957770932641	"CPLM"	1.01	15	15	0
"palmitoyl-oleoyl-glycerol (16:0/18:1) [2]*"	"palmitoyl-oleoyl-glycerol (16:0/18:1) [2]*"	"Group"	"RYGB"	0.0842740663232912	0.257067922485516	0.748690648233218	0.875957770932641	"CPLM"	1.99	15	15	0
"histamine"	"histamine"	"Group"	"RYGB"	-0.176897940538952	0.546164629988765	0.751595829680252	0.876746380557528	"CPLM"	1.99	15	15	0
"dimethylarginine (ADMA + SDMA)"	"dimethylarginine (ADMA + SDMA)"	"Group"	"RYGB"	-0.037250641386867	0.115064424861266	0.751709545299748	0.876746380557528	"CPLM"	1.99	15	15	0
"orotidine"	"orotidine"	"Group"	"RYGB"	-0.0501128481620874	0.155360593277902	0.752580396024477	0.876893873903892	"CPLM"	1.99	15	15	0
"phenylacetate"	"phenylacetate"	"Group"	"RYGB"	0.198083277077617	0.637944406799834	0.76150579702604	0.880497573041267	"CPLM"	1.99	15	15	0
"margarate (17:0)"	"margarate (17:0)"	"Group"	"RYGB"	-0.0443260718611299	0.143737551240178	0.763079377838375	0.880497573041267	"CPLM"	1.99	15	15	0
"eicosenoate (20:1n9 or 1n11)"	"eicosenoate (20:1n9 or 1n11)"	"Group"	"RYGB"	-0.0656613480409181	0.212985710996734	0.763147726719128	0.880497573041267	"CPLM"	1.01	15	15	0
"glycerophosphoglycerol"	"glycerophosphoglycerol"	"Group"	"RYGB"	0.0800733474891853	0.25964533781149	0.763069651181545	0.880497573041267	"CPLM"	1.99	15	15	0
"5-methyl-2'-deoxycytidine"	"5-methyl-2'-deoxycytidine"	"Group"	"RYGB"	0.0543932277671369	0.176060277326191	0.762660251825882	0.880497573041267	"CPLM"	1.562	15	15	0
"N,N,N-trimethyl-alanylproline betaine (TMAP)"	"N,N,N-trimethyl-alanylproline betaine (TMAP)"	"Group"	"RYGB"	0.112382581633664	0.370471321054655	0.766817852758313	0.882507482116792	"CPLM"	1.99	15	15	0
"N-oleoyltaurine"	"N-oleoyltaurine"	"Group"	"RYGB"	-0.0646186569999663	0.213318646654187	0.767137234030216	0.882507482116792	"CPLM"	1.99	15	15	0
"1-palmitoleoyl-GPC* (16:1)*"	"1-palmitoleoyl-GPC* (16:1)*"	"Group"	"RYGB"	-0.0578008017433922	0.190108911457837	0.766304696516623	0.882507482116792	"CPLM"	1.652	15	15	0
"4-guanidinobutanoate"	"4-guanidinobutanoate"	"Group"	"RYGB"	-0.0816788479341285	0.272782055041045	0.769735596327091	0.883975268804127	"CPLM"	1.148	15	15	0
"sphingomyelin (d18:1/20:2, d18:2/20:1, d16:1/22:2)*"	"sphingomyelin (d18:1/20:2, d18:2/20:1, d16:1/22:2)*"	"Group"	"RYGB"	-0.0739300259890711	0.25056720628669	0.77299769953145	0.886641832001931	"CPLM"	1.593	15	15	0
"N6-acetyllysine"	"N6-acetyllysine"	"Group"	"RYGB"	0.048020284857496	0.169570958783813	0.781859571259837	0.888460030308793	"CPLM"	1.747	15	15	0
"indoleacetylglycine"	"indoleacetylglycine"	"Group"	"RYGB"	0.081745772633975	0.297974116445881	0.788490090863558	0.888460030308793	"CPLM"	1.654	15	15	0
"prolylhydroxyproline"	"prolylhydroxyproline"	"Group"	"RYGB"	0.0764837175412087	0.278529022009755	0.788294835907862	0.888460030308793	"CPLM"	1.01	15	15	0
"arachidonoylcholine"	"arachidonoylcholine"	"Group"	"RYGB"	-0.0910860379897069	0.330321808478898	0.787431675983459	0.888460030308793	"CPLM"	1.99	15	15	0
"N-behenoyl-sphingadienine (d18:2/22:0)*"	"N-behenoyl-sphingadienine (d18:2/22:0)*"	"Group"	"RYGB"	-0.0937472954323252	0.324598079581514	0.777654957773989	0.888460030308793	"CPLM"	1.311	15	15	0
"sphingomyelin (d18:1/22:2, d18:2/22:1, d16:1/24:2)*"	"sphingomyelin (d18:1/22:2, d18:2/22:1, d16:1/24:2)*"	"Group"	"RYGB"	-0.0326644644849146	0.117164077080107	0.785150333940042	0.888460030308793	"CPLM"	1.99	15	15	0
"pyridoxal"	"pyridoxal"	"Group"	"RYGB"	-0.0430513873604922	0.160736696783989	0.793372308207126	0.890088170540947	"CPLM"	1.99	15	15	0
"oleoyl-oleoyl-glycerol (18:1/18:1) [2]*"	"oleoyl-oleoyl-glycerol (18:1/18:1) [2]*"	"Group"	"RYGB"	-0.0727274265290581	0.282265074701913	0.801037401236595	0.897832596248058	"CPLM"	1.99	15	15	0
"arachidonate (20:4n6)"	"arachidonate (20:4n6)"	"Group"	"RYGB"	0.0534524200558034	0.209608228519049	0.803032571741268	0.89783687071113	"CPLM"	1.99	15	15	0
"2-piperidinone"	"2-piperidinone"	"Group"	"RYGB"	0.129286268917313	0.511665029597729	0.804793722511327	0.89783687071113	"CPLM"	1.99	15	15	0
"pantothenate (Vitamin B5)"	"pantothenate (Vitamin B5)"	"Group"	"RYGB"	-0.0490702975653672	0.197160863639831	0.807658738504156	0.899264644572681	"CPLM"	1.99	15	15	0
"2-oxindole-3-acetate"	"2-oxindole-3-acetate"	"Group"	"RYGB"	0.062937716727742	0.258684631144398	0.811883067600475	0.903114498237356	"CPLM"	1.754	15	15	0
"N-acetylphenylalanine"	"N-acetylphenylalanine"	"Group"	"RYGB"	-0.0874776751640078	0.387669052571669	0.825270708478962	0.910073009838872	"CPLM"	1.901	15	15	0
"cysteine sulfinic acid"	"cysteine sulfinic acid"	"Group"	"RYGB"	0.0828205907633779	0.36830466832613	0.82586421690811	0.910073009838872	"CPLM"	1.99	15	15	0
"1-palmitoyl-2-oleoyl-GPE (16:0/18:1)"	"1-palmitoyl-2-oleoyl-GPE (16:0/18:1)"	"Group"	"RYGB"	0.0441141230182791	0.195281694479486	0.825081001339729	0.910073009838872	"CPLM"	1.99	15	15	0
"sphingomyelin (d18:1/24:1, d18:2/24:0)*"	"sphingomyelin (d18:1/24:1, d18:2/24:0)*"	"Group"	"RYGB"	-0.0331539926625057	0.145205914960376	0.82323880941618	0.910073009838872	"CPLM"	1.99	15	15	0
"indoleacetate"	"indoleacetate"	"Group"	"RYGB"	-0.0771278780724234	0.35083040635623	0.829688226154535	0.912579580214792	"CPLM"	1.99	15	15	0
"lysine"	"lysine"	"Group"	"RYGB"	-0.0406048589188595	0.186704155718925	0.831486473357045	0.913704352252425	"CPLM"	1.01	15	15	0
"1-oleoyl-2-linoleoyl-GPE (18:1/18:2)*"	"1-oleoyl-2-linoleoyl-GPE (18:1/18:2)*"	"Group"	"RYGB"	0.0743190753078058	0.346701500018975	0.833865400839355	0.915464531396795	"CPLM"	1.99	15	15	0
"myristoleoylcarnitine (C14:1)*"	"myristoleoylcarnitine (C14:1)*"	"Group"	"RYGB"	0.0287199839022594	0.142652224729003	0.843813898456239	0.922089770298191	"CPLM"	1.99	15	15	0
"N-acetylkynurenine (2)"	"N-acetylkynurenine (2)"	"Group"	"RYGB"	-0.0421052393208899	0.213319525855683	0.846833163268465	0.922953372302926	"CPLM"	1.99	15	15	0
"1-stearoyl-GPI (18:0)"	"1-stearoyl-GPI (18:0)"	"Group"	"RYGB"	-0.0490966983534252	0.248940914562744	0.846954665075944	0.922953372302926	"CPLM"	1.99	15	15	0
"cytidine"	"cytidine"	"Group"	"RYGB"	0.0356880709879223	0.186182713180348	0.851195695072895	0.926059329014307	"CPLM"	1.99	15	15	0
"malonate"	"malonate"	"Group"	"RYGB"	-0.0500328899991671	0.282698292986632	0.862473519230011	0.929565107077752	"CPLM"	1.704	15	15	0
"stearoylcholine*"	"stearoylcholine*"	"Group"	"RYGB"	-0.0554305920388517	0.313237438263475	0.862491224139205	0.929565107077752	"CPLM"	1.99	15	15	0
"1-arachidonoyl-GPE (20:4n6)*"	"1-arachidonoyl-GPE (20:4n6)*"	"Group"	"RYGB"	0.0357965117348059	0.201505068834682	0.861964639968303	0.929565107077752	"CPLM"	1.99	15	15	0
"1-(1-enyl-palmitoyl)-2-oleoyl-GPC (P-16:0/18:1)*"	"1-(1-enyl-palmitoyl)-2-oleoyl-GPC (P-16:0/18:1)*"	"Group"	"RYGB"	-0.0452371440351207	0.252833159161008	0.860985106417754	0.929565107077752	"CPLM"	1.879	15	15	0
"gamma-glutamylphenylalanine"	"gamma-glutamylphenylalanine"	"Group"	"RYGB"	0.0423632836152393	0.246386947845768	0.866351812731318	0.932872427237196	"CPLM"	1.99	15	15	0
"tyrosine"	"tyrosine"	"Group"	"RYGB"	0.024960130950681	0.153299884812821	0.873370684822077	0.938656566861623	"CPLM"	1.99	15	15	0
"ethylmalonate"	"ethylmalonate"	"Group"	"RYGB"	0.0274198061264601	0.169410568129041	0.874113967612224	0.938656566861623	"CPLM"	1.99	15	15	0
"N-glycolylneuraminate"	"N-glycolylneuraminate"	"Group"	"RYGB"	-0.0358754057125806	0.239449799292515	0.883391923208608	0.944315504119546	"CPLM"	1.99	15	15	0
"4-ethylphenyl sulfate"	"4-ethylphenyl sulfate"	"Group"	"RYGB"	-0.113137292843301	0.754863134429941	0.88335057503719	0.944315504119546	"CPLM"	1.99	15	15	0
"ergothioneine"	"ergothioneine"	"Group"	"RYGB"	-0.1131372928433	0.744994808175356	0.881818144195661	0.944315504119546	"CPLM"	1.99	15	15	0
"homostachydrine*"	"homostachydrine*"	"Group"	"RYGB"	-0.113137292843303	0.791126165042912	0.888657186117484	0.949082652081955	"CPLM"	1.99	15	15	0
"2-methylbutyrylcarnitine (C5)"	"2-methylbutyrylcarnitine (C5)"	"Group"	"RYGB"	-0.0243673835291557	0.177205784221532	0.892908830988527	0.951897378194104	"CPLM"	1.99	15	15	0
"dihomo-linolenoylcarnitine (C20:3n3 or 6)*"	"dihomo-linolenoylcarnitine (C20:3n3 or 6)*"	"Group"	"RYGB"	-0.031675170858342	0.233068687170319	0.894149733275283	0.952275832509639	"CPLM"	1.99	15	15	0
"1-palmitoyl-2-docosahexaenoyl-GPC (16:0/22:6)"	"1-palmitoyl-2-docosahexaenoyl-GPC (16:0/22:6)"	"Group"	"RYGB"	-0.0217700124333115	0.162383637023103	0.895573159538593	0.952275832509639	"CPLM"	1.99	15	15	0
"1-stearoyl-2-linoleoyl-GPI (18:0/18:2)"	"1-stearoyl-2-linoleoyl-GPI (18:0/18:2)"	"Group"	"RYGB"	0.0280744242210797	0.209642601100849	0.895688983379185	0.952275832509639	"CPLM"	1.99	15	15	0
"docosapentaenoate (n6 DPA; 22:5n6)"	"docosapentaenoate (n6 DPA; 22:5n6)"	"Group"	"RYGB"	0.0342950659360915	0.262410801545642	0.898184136596392	0.953208029649144	"CPLM"	1.99	15	15	0
"oleoyl-arachidonoyl-glycerol (18:1/20:4) [1]*"	"oleoyl-arachidonoyl-glycerol (18:1/20:4) [1]*"	"Group"	"RYGB"	0.0299281221057101	0.227550170623039	0.897540840675462	0.953208029649144	"CPLM"	1.99	15	15	0
"sphingomyelin (d18:2/21:0, d16:2/23:0)*"	"sphingomyelin (d18:2/21:0, d16:2/23:0)*"	"Group"	"RYGB"	-0.0376736549709937	0.294146024238827	0.900208589587954	0.954496596340783	"CPLM"	1.01	15	15	0
"galactitol (dulcitol)"	"galactitol (dulcitol)"	"Group"	"RYGB"	0.0261492708147028	0.216122459738453	0.905699057918452	0.958592533897517	"CPLM"	1.01	15	15	0
"methylmalonate (MMA)"	"methylmalonate (MMA)"	"Group"	"RYGB"	-0.0207375636754604	0.173827965683189	0.907012139561258	0.959120556914867	"CPLM"	1.141	15	15	0
"dihydroorotate"	"dihydroorotate"	"Group"	"RYGB"	0.0344865721826536	0.295600569675651	0.90905443524368	0.960418049073592	"CPLM"	1.99	15	15	0
"alpha-ketoglutaramate*"	"alpha-ketoglutaramate*"	"Group"	"RYGB"	0.0263144030954953	0.23855149246526	0.913987611846159	0.964572347809059	"CPLM"	1.99	15	15	0
"3-methylglutaconate"	"3-methylglutaconate"	"Group"	"RYGB"	-0.022847572910666	0.209796849941704	0.91507905111149	0.964572347809059	"CPLM"	1.99	15	15	0
"C-glycosyltryptophan"	"C-glycosyltryptophan"	"Group"	"RYGB"	0.0249481814343227	0.237613487084448	0.918114511182266	0.965819173980303	"CPLM"	1.99	15	15	0
"anserine"	"anserine"	"Group"	"RYGB"	0.0316952063785987	0.318771475252408	0.92243919550818	0.966216121614882	"CPLM"	1.99	15	15	0
"malonylcarnitine"	"malonylcarnitine"	"Group"	"RYGB"	-0.0169748683907925	0.175131912687096	0.92438503315787	0.966216121614882	"CPLM"	1.99	15	15	0
"glycosyl-N-palmitoyl-sphingosine (d18:1/16:0)"	"glycosyl-N-palmitoyl-sphingosine (d18:1/16:0)"	"Group"	"RYGB"	-0.032360672347428	0.320743970069045	0.921301896170497	0.966216121614882	"CPLM"	1.99	15	15	0
"2'-deoxycytidine"	"2'-deoxycytidine"	"Group"	"RYGB"	0.0160402458154831	0.157430248220449	0.920528341650743	0.966216121614882	"CPLM"	1.01	15	15	0
"5-methylthioribose"	"5-methylthioribose"	"Group"	"RYGB"	-0.0196560874358744	0.207503911505654	0.92609557718068	0.967145913048618	"CPLM"	1.99	15	15	0
"deoxycholate"	"deoxycholate"	"Group"	"RYGB"	-0.0485813860162281	0.52417694066742	0.927686125176691	0.967948853373022	"CPLM"	1.99	15	15	0
"glutamine"	"glutamine"	"Group"	"RYGB"	0.018786567621912	0.225902036139238	0.935093529634444	0.973092029955278	"CPLM"	1.99	15	15	0
"palmitoyl-oleoyl-glycerol (16:0/18:1) [1]*"	"palmitoyl-oleoyl-glycerol (16:0/18:1) [1]*"	"Group"	"RYGB"	0.0205274426932661	0.253148596767854	0.936708309074695	0.97391208127978	"CPLM"	1.99	15	15	0
"gamma-glutamylisoleucine*"	"gamma-glutamylisoleucine*"	"Group"	"RYGB"	0.0157510902670405	0.200363300987435	0.938636406639275	0.974378183133621	"CPLM"	1.99	15	15	0
"ribitol"	"ribitol"	"Group"	"RYGB"	-0.0116849601087611	0.149064507804152	0.938810898010747	0.974378183133621	"CPLM"	1.99	15	15	0
"homoarginine"	"homoarginine"	"Group"	"RYGB"	-0.0254687416936407	0.351423251502501	0.943419342094633	0.977340955035399	"CPLM"	1.107	15	15	0
"N-acetylcitrulline"	"N-acetylcitrulline"	"Group"	"RYGB"	0.0246382942657534	0.342487288505889	0.943835329340818	0.977340955035399	"CPLM"	1.99	15	15	0
"2-hydroxyheptanoate*"	"2-hydroxyheptanoate*"	"Group"	"RYGB"	-0.00931344208747168	0.130203815885403	0.944154504949307	0.977340955035399	"CPLM"	1.01	15	15	0
"3-hydroxyoleate*"	"3-hydroxyoleate*"	"Group"	"RYGB"	0.0213159515960169	0.306641182503076	0.94572520997586	0.978107372565024	"CPLM"	1.99	15	15	0
"5-(galactosylhydroxy)-L-lysine"	"5-(galactosylhydroxy)-L-lysine"	"Group"	"RYGB"	-0.0225350153505741	0.358171473194725	0.950868590265541	0.97998530125355	"CPLM"	1.99	15	15	0
"stachydrine"	"stachydrine"	"Group"	"RYGB"	-0.0544745210165744	0.862886352885579	0.95070191272105	0.97998530125355	"CPLM"	1.99	15	15	0
"1-stearoyl-2-oleoyl-GPE (18:0/18:1)"	"1-stearoyl-2-oleoyl-GPE (18:0/18:1)"	"Group"	"RYGB"	0.0232093225963856	0.435743470846023	0.958398228817106	0.985159784944634	"CPLM"	1.99	15	15	0
"spermidine"	"spermidine"	"Group"	"RYGB"	0.0164330181028875	0.345065629692412	0.962800210968344	0.985627430548934	"CPLM"	1.265	15	15	0
"1-stearoyl-2-linoleoyl-GPE (18:0/18:2)*"	"1-stearoyl-2-linoleoyl-GPE (18:0/18:2)*"	"Group"	"RYGB"	-0.0117346709099763	0.266066799787801	0.96554673586882	0.985627430548934	"CPLM"	1.99	15	15	0
"sphingosine 1-phosphate"	"sphingosine 1-phosphate"	"Group"	"RYGB"	0.00910162925757225	0.202226291475983	0.964841902865463	0.985627430548934	"CPLM"	1.99	15	15	0
"2,6-dihydroxybenzoic acid"	"2,6-dihydroxybenzoic acid"	"Group"	"RYGB"	0.0181527458949332	0.364273889282246	0.961075570760862	0.985627430548934	"CPLM"	1.99	15	15	0
"allantoic acid"	"allantoic acid"	"Group"	"RYGB"	0.0131319045789688	0.311830942322642	0.96710180138073	0.986360105650649	"CPLM"	1.99	15	15	0
"2-aminoadipate"	"2-aminoadipate"	"Group"	"RYGB"	-0.00832759296840683	0.269679514740294	0.975873217278584	0.992909843286778	"CPLM"	1.99	15	15	0
"dodecadienoate (12:2)*"	"dodecadienoate (12:2)*"	"Group"	"RYGB"	0.00604024158260457	0.197069456917078	0.976052290769175	0.992909843286778	"CPLM"	1.99	15	15	0
"10-nonadecenoate (19:1n9)"	"10-nonadecenoate (19:1n9)"	"Group"	"RYGB"	-0.00665791040282528	0.229707426657119	0.977353573272647	0.993375762998428	"CPLM"	1.99	15	15	0
"1-(1-enyl-palmitoyl)-2-linoleoyl-GPC (P-16:0/18:2)*"	"1-(1-enyl-palmitoyl)-2-linoleoyl-GPC (P-16:0/18:2)*"	"Group"	"RYGB"	-0.00481735407355718	0.201623903130152	0.981330854733146	0.996558402479006	"CPLM"	1.01	15	15	0
"argininosuccinate"	"argininosuccinate"	"Group"	"RYGB"	-0.0097116630477451	0.43077614387276	0.982384103291257	0.99676871117752	"CPLM"	1.99	15	15	0
"taurohyodeoxycholic acid"	"taurohyodeoxycholic acid"	"Group"	"RYGB"	-0.0162489370579937	0.759303211618691	0.983278452859512	0.996817570971174	"CPLM"	1.99	15	15	0
"mannonate*"	"mannonate*"	"Group"	"RYGB"	-0.00591081378110698	0.314363163828932	0.985307674160762	0.998015855684761	"CPLM"	1.343	15	15	0
"3-methylhistidine"	"3-methylhistidine"	"Group"	"RYGB"	0.00368065375145025	0.247559531218786	0.98838201996829	0.998043831028227	"CPLM"	1.99	15	15	0
"cystine"	"cystine"	"Group"	"RYGB"	-0.00610691862720307	0.423216412184156	0.988724236680764	0.998043831028227	"CPLM"	1.537	15	15	0
"2-aminoheptanoate"	"2-aminoheptanoate"	"Group"	"RYGB"	0.00280398203825817	0.162653861061988	0.986529299077686	0.998043831028227	"CPLM"	1.99	15	15	0
"p-cresol glucuronide*"	"p-cresol glucuronide*"	"Group"	"RYGB"	0.00240838828748958	0.228414909477808	0.991760592419875	0.998611624753662	"CPLM"	1.99	15	15	0
"stearidonate (18:4n3)"	"stearidonate (18:4n3)"	"Group"	"RYGB"	-0.00384766453712697	0.464382663560537	0.993525317666632	0.998611624753662	"CPLM"	1.99	15	15	0
"serine"	"serine"	"Group"	"RYGB"	-0.000249887636647036	0.166107619276069	0.998824405123417	0.99900003015444	"CPLM"	1.01	15	15	0
"caprate (10:0)"	"caprate (10:0)"	"Group"	"RYGB"	0.000808505868573859	0.16158818018779	0.996090022395626	0.99900003015444	"CPLM"	1.01	15	15	0
"N6-carbamoylthreonyladenosine"	"N6-carbamoylthreonyladenosine"	"Group"	"RYGB"	0.000514688857871428	0.19687501712315	0.997957056913043	0.99900003015444	"CPLM"	1.99	15	15	0
